,article_id,cluster,buying_count
0,685687004,2,98
1,685687001,16,56
2,685687003,2,51
3,673677002,12,29
4,685687002,16,27
5,671505002,2,24
6,573085001,9,23
7,562245001,9,22
8,399201005,18,21
9,467302100,27,21
10,524825013,10,21
11,573716039,10,20
12,665477001,18,20
13,671505001,2,20
14,692454002,2,19
15,667491011,2,19
16,577513001,7,18
17,683662005,8,17
18,680186001,10,17
19,573716012,9,17
20,200182001,32,17
21,529008026,5,17
22,610776002,19,17
23,662868002,2,16
24,507910001,0,16
25,524825010,10,16
26,562245034,10,15
27,539723005,27,15
28,573085020,9,15
29,683662006,8,15
30,591334003,2,14
31,625939005,22,14
32,667491006,0,14
33,632143001,8,14
34,662868003,2,14
35,688873020,28,13
36,615141002,2,13
37,539723001,1,13
38,156231001,32,13
39,399136009,2,13
40,589924004,28,12
41,399223001,9,12
42,666006006,15,12
43,662888003,2,12
44,573085010,10,12
45,399136004,18,12
46,516903005,22,12
47,683662002,8,12
48,562820006,12,11
49,228257001,32,11
50,579541001,12,11
51,637255001,2,11
52,573085014,9,11
53,506110001,9,11
54,673638002,16,10
55,565379001,19,10
56,568601018,15,10
57,568601006,12,10
58,665477003,18,10
59,688873001,2,10
60,660712003,9,10
61,610776001,19,10
62,501820043,22,10
63,637549005,16,10
64,160442007,32,10
65,589924005,15,10
66,589222001,18,10
67,650682001,9,10
68,554450004,27,10
69,189616008,1,10
70,573937001,9,10
71,660712012,10,10
72,662888001,16,10
73,633130015,22,9
74,567993015,21,9
75,417951005,32,9
76,576775001,9,9
77,573716033,10,9
78,458032003,9,9
79,599502001,9,9
80,633130002,27,9
81,646429003,21,9
82,627389006,2,9
83,667491002,2,9
84,189616006,25,9
85,684686001,28,9
86,573085004,10,9
87,678230003,2,9
88,538142004,28,9
89,662857005,12,9
90,660712001,10,9
91,524825012,9,9
92,589222003,18,9
93,660599001,16,9
94,673677003,12,9
95,640462002,8,9
96,611415005,5,9
97,633136003,8,9
98,667999004,30,9
99,591334019,15,9
100,562245050,10,9
101,111593001,32,9
102,562245018,10,9
103,529012025,24,9
104,399136061,2,8
105,355569001,8,8
106,671505004,15,8
107,612182001,9,8
108,524061003,8,8
109,562252010,10,8
110,562245004,10,8
111,668767002,1,8
112,678086003,1,8
113,680715001,15,8
114,622962001,9,8
115,637661001,16,8
116,665095002,9,8
117,573085027,27,8
118,539723006,27,8
119,573716040,9,8
120,501820008,8,8
121,662257001,25,8
122,569929001,12,8
123,656719005,9,8
124,679494004,28,8
125,650696002,12,7
126,664074001,2,7
127,661794002,15,7
128,399136023,10,7
129,661435002,12,7
130,681815001,19,7
131,189616007,1,7
132,573085005,28,7
133,664665004,12,7
134,554450001,1,7
135,684080001,2,7
136,649397002,7,7
137,553139001,2,7
138,646429001,21,7
139,557248009,11,7
140,630450002,9,7
141,622295001,12,7
142,638136001,21,7
143,671553002,12,7
144,621381011,25,7
145,552471023,27,7
146,639192009,16,7
147,636455009,2,7
148,671502001,15,7
149,645065001,22,7
150,573716002,10,7
151,671057002,27,7
152,638553001,28,7
153,699566001,28,7
154,562245059,10,7
155,680220001,2,7
156,507909001,0,7
157,690478001,2,7
158,688873012,2,7
159,680374003,2,7
160,688873005,15,7
161,625939025,8,7
162,599502009,9,7
163,564787001,21,7
164,501820001,8,7
165,568597009,9,7
166,688463001,19,7
167,630145001,21,7
168,555102001,21,7
169,665477002,18,7
170,601102001,1,7
171,686631001,9,7
172,589222005,10,7
173,595779002,2,7
174,243613004,12,7
175,672890001,2,7
176,678073002,2,7
177,686269001,26,7
178,592172007,19,7
179,532578009,12,6
180,625939014,22,6
181,625321003,21,6
182,554704006,16,6
183,625321010,21,6
184,630116001,21,6
185,644522001,12,6
186,524825019,15,6
187,536139006,32,6
188,639192002,2,6
189,556379003,0,6
190,532578008,16,6
191,673638003,28,6
192,552473021,8,6
193,680912009,22,6
194,642437005,1,6
195,436261001,32,6
196,108775015,19,6
197,646592004,12,6
198,676954001,2,6
199,501820042,27,6
200,637515002,12,6
201,595779008,2,6
202,469137001,2,6
203,568864001,2,6
204,500780006,21,6
205,473954006,5,6
206,660712007,10,6
207,571436009,12,6
208,661794001,15,6
209,399201020,18,6
210,662230001,25,6
211,662857003,16,6
212,573085028,9,6
213,580482004,16,6
214,580000001,5,6
215,573716023,9,6
216,179123001,19,6
217,578476001,9,6
218,662888004,16,6
219,647334001,12,6
220,656367001,7,6
221,507909003,9,6
222,399136027,18,6
223,671491001,10,6
224,521302008,16,6
225,671022001,2,6
226,615141003,2,6
227,516859002,4,6
228,685683001,2,6
229,516741004,10,6
230,516712001,2,6
231,651273001,2,6
232,612182014,9,6
233,667999003,3,6
234,610776023,19,6
235,675281001,2,6
236,510126016,8,6
237,688873002,2,6
238,608458001,12,6
239,397068015,14,6
240,637549002,16,5
241,637255010,2,5
242,675281002,15,5
243,637661004,16,5
244,674492001,2,5
245,541518023,24,5
246,668767004,1,5
247,639192006,28,5
248,464277014,24,5
249,657476008,22,5
250,501820045,22,5
251,657497006,8,5
252,501820004,22,5
253,658030001,18,5
254,658183001,21,5
255,658298001,12,5
256,660599003,16,5
257,490113003,25,5
258,664319005,9,5
259,664075005,5,5
260,662868001,2,5
261,663942002,2,5
262,662888002,16,5
263,479227020,19,5
264,484398001,21,5
265,662935002,16,5
266,504154015,16,5
267,656015001,8,5
268,639845009,27,5
269,507909022,15,5
270,639976002,29,5
271,532954003,8,5
272,673900005,27,5
273,673638001,12,5
274,448509017,1,5
275,522561002,15,5
276,648968003,7,5
277,649397003,2,5
278,649494005,2,5
279,519583028,27,5
280,547367007,5,5
281,651912002,8,5
282,512251003,7,5
283,653431003,15,5
284,667499003,2,5
285,654772001,8,5
286,654772003,8,5
287,636323001,18,5
288,663396001,0,5
289,685284003,12,5
290,625818001,15,5
291,691543001,2,5
292,598806012,1,5
293,625311006,21,5
294,568597006,9,5
295,372860001,32,5
296,555364007,8,5
297,555347001,29,5
298,555326010,3,5
299,610776010,19,5
300,604349001,12,5
301,625939004,8,5
302,568808001,9,5
303,626000002,22,5
304,592975013,10,5
305,237222001,19,5
306,591334014,2,5
307,393447015,8,5
308,589924009,12,5
309,557248001,2,5
310,691184001,27,5
311,396135007,8,5
312,565379023,19,5
313,610776018,19,5
314,610776022,19,5
315,611062002,2,5
316,611378001,21,5
317,564786020,21,5
318,608952004,2,5
319,562252028,9,5
320,688873011,2,5
321,685284001,12,5
322,620081008,2,5
323,608007006,7,5
324,607834002,2,5
325,567594001,12,5
326,561445005,19,5
327,684080003,15,5
328,351933038,5,5
329,617900007,12,5
330,618784002,2,5
331,588689001,9,5
332,568601016,15,5
333,570781008,2,5
334,585482001,5,5
335,631837003,1,5
336,631848002,8,5
337,399201022,18,5
338,550471019,29,5
339,678086001,2,5
340,628788001,5,5
341,678079002,5,5
342,705094001,12,5
343,632523002,15,5
344,189634001,2,5
345,710390001,1,5
346,714421001,12,5
347,579541026,12,5
348,579541004,15,5
349,574109012,8,5
350,574109015,8,5
351,577314002,2,5
352,583534002,9,5
353,610776017,19,5
354,572124001,15,5
355,587229001,17,5
356,552473037,27,5
357,399087001,18,5
358,628930001,10,5
359,212629040,7,5
360,629305003,9,5
361,568597019,10,4
362,581086002,15,4
363,608069005,29,4
364,608007007,7,4
365,573626001,12,4
366,655710007,2,4
367,484398077,21,4
368,579541030,15,4
369,607596001,7,4
370,656345001,5,4
371,607427002,25,4
372,608483002,1,4
373,592180001,2,4
374,660519003,5,4
375,654564003,21,4
376,494030020,19,4
377,592174001,25,4
378,609390001,31,4
379,591548002,29,4
380,610776006,19,4
381,654434002,24,4
382,654046001,5,4
383,653590001,12,4
384,576775012,9,4
385,662948004,16,4
386,660497003,19,4
387,567657006,14,4
388,605053002,19,4
389,495685001,11,4
390,583554002,1,4
391,657759002,6,4
392,583351005,4,4
393,657497007,22,4
394,597082001,12,4
395,594264003,9,4
396,501820003,22,4
397,568137002,19,4
398,598795018,25,4
399,572797001,12,4
400,569244002,4,4
401,660830002,16,4
402,602409006,11,4
403,603401003,24,4
404,502186011,28,4
405,500780008,21,4
406,662857001,16,4
407,657476002,27,4
408,657415002,2,4
409,657287005,5,4
410,605020002,22,4
411,581777008,10,4
412,657195001,12,4
413,581777001,19,4
414,568597016,10,4
415,583060001,17,4
416,634332001,0,4
417,651793004,30,4
418,631837001,8,4
419,637673005,12,4
420,537346026,16,4
421,663016003,16,4
422,638628002,9,4
423,537076001,2,4
424,639297001,9,4
425,639769001,7,4
426,627563007,29,4
427,534181007,15,4
428,639976005,15,4
429,627101006,25,4
430,640244003,25,4
431,554450005,27,4
432,626816003,15,4
433,554450027,2,4
434,532578017,16,4
435,626588003,12,4
436,626346003,28,4
437,626054001,29,4
438,631590002,18,4
439,637549012,16,4
440,651793001,6,4
441,637549003,16,4
442,543729003,9,4
443,635741001,19,4
444,547747001,12,4
445,541519001,5,4
446,633148001,2,4
447,541512001,5,4
448,633135005,22,4
449,636455012,15,4
450,539878003,27,4
451,633130007,8,4
452,633109002,25,4
453,632982014,28,4
454,632982013,28,4
455,539723004,27,4
456,632523001,4,4
457,637266003,11,4
458,637268006,2,4
459,538142008,18,4
460,549914003,2,4
461,554598001,19,4
462,554772002,19,4
463,625939013,22,4
464,625939002,2,4
465,649397001,7,4
466,561445006,19,4
467,615959001,21,4
468,562245006,9,4
469,519583015,9,4
470,519583008,18,4
471,650193001,2,4
472,650578001,0,4
473,517462001,28,4
474,634411001,2,4
475,562245042,9,4
476,562245057,9,4
477,562252014,9,4
478,516741002,10,4
479,613497006,1,4
480,651276001,2,4
481,613456001,2,4
482,516000034,25,4
483,611032001,22,4
484,617322003,12,4
485,647804001,18,4
486,620405001,12,4
487,624634001,4,4
488,526562001,3,4
489,642739003,2,4
490,625321004,21,4
491,625316007,21,4
492,556255003,18,4
493,644783001,16,4
494,645424001,26,4
495,645971001,4,4
496,645980001,22,4
497,621381001,7,4
498,624632002,4,4
499,622958003,4,4
500,622877005,3,4
501,647190003,12,4
502,558986003,8,4
503,622140005,5,4
504,522398023,2,4
505,621759002,17,4
506,552471001,27,4
507,524825014,9,4
508,680499003,1,4
509,688873008,2,4
510,684210001,12,4
511,688873004,12,4
512,673643001,2,4
513,400246011,9,4
514,399136033,2,4
515,451650001,4,4
516,670655001,12,4
517,684588007,0,4
518,677711003,2,4
519,678086002,25,4
520,680810001,24,4
521,464297007,5,4
522,676352001,8,4
523,158340001,1,4
524,160442010,32,4
525,679121001,5,4
526,399256001,9,4
527,325087002,5,4
528,684889001,2,4
529,695584001,12,4
530,703193001,7,4
531,679655001,0,4
532,674014003,2,4
533,687535001,2,4
534,399223024,27,4
535,456163026,22,4
536,689899001,15,4
537,665095003,2,4
538,685347001,2,4
539,666080001,5,4
540,677967002,24,4
541,667985001,12,4
542,667491005,2,4
543,667379002,2,4
544,675952003,12,4
545,189626001,1,4
546,667999001,3,4
547,672598002,19,4
548,399087015,18,4
549,705143002,4,4
550,211143037,15,4
551,677930002,12,4
552,671783004,8,4
553,111586001,32,4
554,400285006,14,4
555,664074004,12,4
556,664319001,9,4
557,372860002,5,4
558,686631003,9,4
559,710059001,2,4
560,253448003,5,4
561,694153002,2,4
562,665481001,15,4
563,675319002,10,4
564,368979001,2,4
565,478549001,2,4
566,688873007,15,4
567,676827002,8,3
568,413707001,8,3
569,610744009,15,3
570,637515004,2,3
571,610744007,15,3
572,637515001,16,3
573,637255009,27,3
574,575542001,9,3
575,413029008,1,3
576,611415001,5,3
577,612420001,23,3
578,635280002,4,3
579,635418002,7,3
580,687270001,8,3
581,635561004,28,3
582,635742002,13,3
583,612075007,2,3
584,635957003,22,3
585,636148001,7,3
586,564311002,24,3
587,677848003,2,3
588,677848002,29,3
589,564313003,29,3
590,541518004,5,3
591,636351002,21,3
592,301656017,18,3
593,541512005,5,3
594,312543001,1,3
595,611216002,2,3
596,611024001,19,3
597,610776024,19,3
598,687427001,2,3
599,675856003,30,3
600,636938001,12,3
601,677530002,0,3
602,636938003,2,3
603,637141005,7,3
604,687965001,21,3
605,688432001,32,3
606,305304008,27,3
607,538142006,10,3
608,675139006,15,3
609,637515005,16,3
610,567728006,17,3
611,603013001,2,3
612,529008027,24,3
613,529008038,5,3
614,673638005,28,3
615,529841001,16,3
616,603401002,5,3
617,288859004,3,3
618,529008008,5,3
619,605053003,19,3
620,532578019,2,3
621,532578020,16,3
622,605290002,20,3
623,288859009,3,3
624,605939004,2,3
625,529008011,24,3
626,446224002,8,3
627,567475004,12,3
628,691574001,2,3
629,644464002,25,3
630,598848006,2,3
631,598859003,10,3
632,643657001,12,3
633,567993017,21,3
634,691579001,10,3
635,673349002,9,3
636,526562004,3,3
637,643217002,23,3
638,599716001,4,3
639,642739002,7,3
640,601284002,18,3
641,601465006,24,3
642,673396003,11,3
643,605939005,9,3
644,640174001,10,3
645,637515006,16,3
646,608939002,9,3
647,565379004,19,3
648,565379002,19,3
649,688873014,0,3
650,608776003,2,3
651,537346013,16,3
652,675095002,2,3
653,543310001,2,3
654,608776001,23,3
655,675319001,2,3
656,537688014,12,3
657,610730002,28,3
658,675827001,7,3
659,610730017,27,3
660,637515011,12,3
661,638899001,21,3
662,608483007,8,3
663,640124001,8,3
664,607154001,2,3
665,640021005,21,3
666,640020001,27,3
667,534181005,2,3
668,674023001,9,3
669,674047001,4,3
670,639896001,17,3
671,639685006,0,3
672,674482003,30,3
673,639677001,2,3
674,607632001,16,3
675,674079004,4,3
676,607834007,1,3
677,639478002,12,3
678,689982001,28,3
679,543141002,17,3
680,633861001,7,3
681,634775001,27,3
682,625939035,27,3
683,626346005,2,3
684,384851013,1,3
685,680187001,22,3
686,680374001,15,3
687,554598003,19,3
688,554598008,19,3
689,554598028,19,3
690,612935007,25,3
691,680499002,22,3
692,554772003,19,3
693,554772015,19,3
694,620081001,2,3
695,378124009,21,3
696,680810002,5,3
697,554546015,6,3
698,355072001,8,3
699,626440008,20,3
700,626441007,6,3
701,108775051,0,3
702,626587004,28,3
703,626713001,6,3
704,626813010,2,3
705,560270007,21,3
706,617919017,7,3
707,554450016,1,3
708,617835006,12,3
709,617620001,25,3
710,617534007,9,3
711,554141004,6,3
712,627197002,12,3
713,627389005,9,3
714,355072002,1,3
715,555102006,21,3
716,625927001,8,3
717,620963004,17,3
718,622238007,27,3
719,558513001,14,3
720,622744002,21,3
721,557248025,23,3
722,622745001,21,3
723,622159002,28,3
724,558986001,8,3
725,621846001,5,3
726,557247010,23,3
727,621760005,17,3
728,624251001,12,3
729,624257002,14,3
730,556655002,4,3
731,624486009,22,3
732,556527009,14,3
733,555292006,6,3
734,624632006,4,3
735,682189001,15,3
736,620963002,17,3
737,620945004,17,3
738,625316004,21,3
739,559634007,2,3
740,559642003,17,3
741,625432001,30,3
742,555364003,8,3
743,625480004,7,3
744,625768001,27,3
745,625773001,22,3
746,680912006,8,3
747,683662008,22,3
748,617279003,21,3
749,627563006,29,3
750,678983004,22,3
751,613497008,19,3
752,678065001,12,3
753,549607002,2,3
754,685399001,22,3
755,562245058,9,3
756,562252001,9,3
757,615021023,19,3
758,685972001,12,3
759,686265001,28,3
760,613826004,12,3
761,633135001,8,3
762,400246014,18,3
763,633136007,22,3
764,633148004,2,3
765,633781012,8,3
766,686269003,31,3
767,615085004,21,3
768,691839001,9,3
769,633925003,9,3
770,613497003,19,3
771,546579001,5,3
772,687169001,28,3
773,634015009,21,3
774,634037002,23,3
775,634248001,0,3
776,613246002,10,3
777,634249005,2,3
778,634320003,21,3
779,634332005,28,3
780,634332006,2,3
781,677930004,12,3
782,678073001,8,3
783,632172003,15,3
784,628788003,24,3
785,399087014,18,3
786,628920006,0,3
787,351484013,17,3
788,628930004,22,3
789,628930008,27,3
790,351484002,17,3
791,629420002,12,3
792,629764001,24,3
793,561445026,2,3
794,616086002,17,3
795,630116005,21,3
796,399061012,15,3
797,684105002,15,3
798,630141001,21,3
799,561797001,19,3
800,630145006,21,3
801,399201024,18,3
802,552471003,0,3
803,481245003,5,3
804,552370002,6,3
805,615566002,27,3
806,630326004,19,3
807,631470003,15,3
808,399136060,28,3
809,551379001,12,3
810,399201011,19,3
811,684890003,25,3
812,551300001,4,3
813,562245039,10,3
814,399201023,18,3
815,632143002,8,3
816,644628001,26,3
817,436570023,2,3
818,505221004,22,3
819,657287004,15,3
820,656649007,21,3
821,666382002,12,3
822,598795014,22,3
823,505221001,22,3
824,656719003,10,3
825,504155015,16,3
826,504154027,16,3
827,657203001,2,3
828,504154016,12,3
829,583976001,25,3
830,657285002,22,3
831,657287001,5,3
832,583558001,7,3
833,464454004,25,3
834,572127015,0,3
835,657291005,5,3
836,657395002,2,3
837,666319002,15,3
838,701129002,2,3
839,583534009,10,3
840,657476005,22,3
841,502186012,15,3
842,583533002,27,3
843,665873001,5,3
844,464927013,24,3
845,665725002,1,3
846,467302066,1,3
847,665713002,5,3
848,666638003,2,3
849,700819006,8,3
850,665481004,2,3
851,653428001,28,3
852,652657001,24,3
853,652671004,24,3
854,652696001,24,3
855,591201001,21,3
856,652731008,2,3
857,590748001,15,3
858,667985003,16,3
859,653114001,9,3
860,653188001,1,3
861,696447003,2,3
862,653210010,12,3
863,589641001,7,3
864,589599004,17,3
865,696545002,8,3
866,655784001,2,3
867,697489002,12,3
868,654423002,24,3
869,509091011,24,3
870,457892003,12,3
871,654521001,28,3
872,667379003,2,3
873,655259002,5,3
874,570781006,15,3
875,655347007,21,3
876,507910004,9,3
877,571052001,15,3
878,587782001,8,3
879,571436010,12,3
880,665509002,16,3
881,658030005,8,3
882,651913003,8,3
883,661910001,12,3
884,490473012,32,3
885,579541027,2,3
886,156231002,32,3
887,714424001,8,3
888,661308001,19,3
889,716519001,4,3
890,661645002,1,3
891,717341001,12,3
892,487827007,18,3
893,487722007,2,3
894,661809001,2,3
895,578487011,15,3
896,661861003,21,3
897,578478006,2,3
898,490793033,27,3
899,578478001,18,3
900,662344002,15,3
901,574120001,22,3
902,719031001,12,3
903,578474001,12,3
904,577992006,5,3
905,664133001,25,3
906,720384002,24,3
907,663944001,7,3
908,575141001,27,3
909,663942008,7,3
910,663942001,2,3
911,575347003,23,3
912,179950001,4,3
913,664679001,9,3
914,658036001,5,3
915,581086001,2,3
916,703795001,2,3
917,581275002,4,3
918,469562006,9,3
919,572955001,2,3
920,572998001,18,3
921,658847003,5,3
922,573085019,10,3
923,659459003,2,3
924,581162001,25,3
925,659832006,1,3
926,496111007,16,3
927,711521001,15,3
928,495949002,4,3
929,469658009,2,3
930,664748002,19,3
931,495573006,5,3
932,495418003,5,3
933,712838005,0,3
934,181448102,8,3
935,580469005,12,3
936,713756001,12,3
937,713997001,4,3
938,660599002,19,3
939,579695005,16,3
940,660618001,9,3
941,714367001,12,3
942,579541041,2,3
943,660712011,9,3
944,512251004,16,3
945,682965001,5,3
946,456163024,19,3
947,597963001,21,3
948,648630002,12,3
949,649437001,26,3
950,518529004,1,3
951,693584002,16,3
952,651456003,19,3
953,251510001,32,3
954,594834001,12,3
955,669361001,25,3
956,649052001,12,3
957,452898027,23,3
958,448509014,27,3
959,594264001,25,3
960,448509009,27,3
961,692210001,12,3
962,672054002,6,3
963,521269001,8,3
964,522918034,1,3
965,594834010,2,3
966,671852003,2,3
967,592241004,22,3
968,646536003,27,3
969,522461002,4,3
970,568253001,28,3
971,651336004,2,3
972,651558003,25,3
973,669896002,22,3
974,568751002,5,3
975,591334020,16,3
976,647770001,21,3
977,695457001,22,3
978,244267029,2,3
979,568601008,2,3
980,591334017,28,3
981,513373004,28,3
982,671515001,12,3
983,595779010,2,3
984,669215004,19,3
985,451380001,14,3
986,225784001,29,3
987,651244001,12,3
988,669034005,10,3
989,651584005,28,3
990,669358001,1,3
991,514134001,4,3
992,237222012,19,3
993,569933006,28,3
994,619353007,6,2
995,691267004,2,2
996,596472001,2,2
997,596517001,21,2
998,579541031,12,2
999,618476004,2,2
1000,619506001,21,2
1001,619566001,28,2
1002,579541035,16,2
1003,714367002,15,2
1004,691208001,7,2
1005,619499001,1,2
1006,580000003,5,2
1007,604655006,8,2
1008,684033003,2,2
1009,710060001,2,2
1010,581234001,29,2
1011,616598005,14,2
1012,616708004,5,2
1013,581105002,28,2
1014,616711001,12,2
1015,616715002,2,2
1016,622238018,27,2
1017,581086004,15,2
1018,616733001,12,2
1019,692216005,12,2
1020,605777001,21,2
1021,605516005,14,2
1022,605092009,5,2
1023,618387002,7,2
1024,580768001,12,2
1025,617736001,15,2
1026,595779011,28,2
1027,684021005,11,2
1028,692216003,12,2
1029,714417001,2,2
1030,690992002,19,2
1031,617919021,7,2
1032,579873001,12,2
1033,691012001,10,2
1034,618160002,15,2
1035,596395001,30,2
1036,618180001,8,2
1037,619580001,2,2
1038,597082002,12,2
1039,597035001,30,2
1040,619881001,9,2
1041,578113002,8,2
1042,683493001,12,2
1043,621381002,25,2
1044,691989002,15,2
1045,621381008,27,2
1046,691764006,16,2
1047,598460001,4,2
1048,621381010,27,2
1049,683379001,4,2
1050,621513003,28,2
1051,683001003,32,2
1052,598515008,24,2
1053,577249005,10,2
1054,621989001,0,2
1055,622046002,12,2
1056,622140003,24,2
1057,682996002,5,2
1058,682971001,3,2
1059,577006002,29,2
1060,622159001,9,2
1061,725253001,1,2
1062,622192001,18,2
1063,728162002,5,2
1064,576773017,9,2
1065,691799001,7,2
1066,576773016,9,2
1067,622192002,18,2
1068,576773008,9,2
1069,622238009,27,2
1070,578469004,15,2
1071,620963003,17,2
1072,597918001,2,2
1073,620424035,31,2
1074,602985003,12,2
1075,691291001,2,2
1076,620081006,16,2
1077,714425001,27,2
1078,692002004,12,2
1079,579302001,8,2
1080,579167001,3,2
1081,602409001,14,2
1082,578876001,0,2
1083,616337002,24,2
1084,620208002,29,2
1085,578816004,8,2
1086,620424023,31,2
1087,597510001,23,2
1088,620951002,9,2
1089,620533001,6,2
1090,620585013,8,2
1091,717341002,12,2
1092,578487012,15,2
1093,620608004,31,2
1094,620754001,12,2
1095,691555001,28,2
1096,597596005,22,2
1097,620870004,29,2
1098,599729001,2,2
1099,620908004,17,2
1100,599580012,17,2
1101,620945002,17,2
1102,692401001,13,2
1103,692586001,8,2
1104,709784001,24,2
1105,613521002,12,2
1106,610234003,27,2
1107,588676001,2,2
1108,609719001,17,2
1109,687260003,12,2
1110,698943004,1,2
1111,612481007,28,2
1112,612537001,16,2
1113,609598006,22,2
1114,588592001,17,2
1115,612636001,8,2
1116,612891003,8,2
1117,592959001,13,2
1118,587782003,7,2
1119,592975011,10,2
1120,699569001,4,2
1121,613246001,18,2
1122,587682002,7,2
1123,586361001,1,2
1124,586265002,7,2
1125,613246004,10,2
1126,693951004,2,2
1127,593196001,15,2
1128,613459001,2,2
1129,586265001,17,2
1130,613463003,28,2
1131,585806001,11,2
1132,700833004,28,2
1133,585355001,23,2
1134,584992001,9,2
1135,612170001,2,2
1136,694153001,15,2
1137,612136002,1,2
1138,611148013,6,2
1139,610747004,22,2
1140,591333003,22,2
1141,695318002,9,2
1142,688545001,12,2
1143,591334016,15,2
1144,687921002,28,2
1145,694986001,15,2
1146,590007003,15,2
1147,589924010,27,2
1148,695627001,9,2
1149,687534002,26,2
1150,687424003,7,2
1151,687407001,5,2
1152,589855004,26,2
1153,698272001,10,2
1154,694966001,23,2
1155,591702003,3,2
1156,589541001,3,2
1157,610671001,27,2
1158,610662002,14,2
1159,611415003,24,2
1160,687338001,6,2
1161,694589003,22,2
1162,610314001,8,2
1163,589222002,18,2
1164,612075002,8,2
1165,697997001,2,2
1166,589004004,13,2
1167,693208006,31,2
1168,688873015,15,2
1169,616337001,5,2
1170,613551002,15,2
1171,607310005,18,2
1172,583059002,21,2
1173,607310002,18,2
1174,615092002,9,2
1175,693208005,6,2
1176,595435002,5,2
1177,684588001,2,2
1178,684385001,12,2
1179,595573002,28,2
1180,615217003,22,2
1181,615325001,15,2
1182,615367008,22,2
1183,581971001,0,2
1184,581781010,18,2
1185,704036002,9,2
1186,581298001,1,2
1187,606983001,1,2
1188,692747001,12,2
1189,591333005,12,2
1190,606322005,14,2
1191,705094002,2,2
1192,615970003,6,2
1193,615972001,1,2
1194,606022001,8,2
1195,616070002,28,2
1196,707020001,28,2
1197,708021001,12,2
1198,616088013,17,2
1199,616225010,29,2
1200,703207001,5,2
1201,607350001,23,2
1202,702237001,2,2
1203,615021021,28,2
1204,584940004,15,2
1205,613666002,9,2
1206,584925001,2,2
1207,688910001,2,2
1208,584631020,23,2
1209,584483001,0,2
1210,614496003,5,2
1211,615021003,28,2
1212,615021015,27,2
1213,615021020,8,2
1214,686265003,20,2
1215,584449002,28,2
1216,689156002,20,2
1217,608069010,29,2
1218,690992001,19,2
1219,584157003,14,2
1220,594541002,6,2
1221,689980001,28,2
1222,594630002,4,2
1223,685383002,2,2
1224,607834005,2,2
1225,690276002,25,2
1226,685381001,15,2
1227,607833001,22,2
1228,594987001,5,2
1229,701600001,25,2
1230,594987005,5,2
1231,690904001,23,2
1232,598795016,8,2
1233,663327002,16,2
1234,622295005,1,2
1235,651863001,8,2
1236,667999002,30,2
1237,651724003,16,2
1238,651724002,15,2
1239,651558010,27,2
1240,651558006,27,2
1241,651465002,0,2
1242,651456005,19,2
1243,651456002,2,2
1244,651456001,15,2
1245,651424003,15,2
1246,651348001,11,2
1247,668273001,10,2
1248,651334005,28,2
1249,651327001,0,2
1250,651276002,4,2
1251,669014003,2,2
1252,669056002,8,2
1253,669271003,29,2
1254,651242001,17,2
1255,651165001,28,2
1256,651072001,2,2
1257,669586001,11,2
1258,669882004,28,2
1259,651793002,20,2
1260,651893001,8,2
1261,640639003,8,2
1262,651905007,27,2
1263,655347002,21,2
1264,655287002,9,2
1265,655265002,0,2
1266,667411008,23,2
1267,654757001,4,2
1268,654701001,17,2
1269,654647002,7,2
1270,667499006,2,2
1271,667709001,18,2
1272,653428002,24,2
1273,653409002,15,2
1274,653291002,6,2
1275,653277001,25,2
1276,653188006,22,2
1277,652924006,15,2
1278,652869001,12,2
1279,652742004,7,2
1280,652742003,23,2
1281,652742001,9,2
1282,652708002,24,2
1283,652671001,24,2
1284,652228001,28,2
1285,651912001,8,2
1286,669893001,8,2
1287,650677004,2,2
1288,650511003,4,2
1289,649553010,22,2
1290,672224001,2,2
1291,644769001,26,2
1292,672590001,2,2
1293,672598001,2,2
1294,643851001,17,2
1295,643833005,1,2
1296,643833004,1,2
1297,672890002,12,2
1298,672890003,22,2
1299,575542005,10,2
1300,642960002,28,2
1301,642960001,2,2
1302,673396002,2,2
1303,642699001,28,2
1304,642631003,2,2
1305,642631001,28,2
1306,642437006,9,2
1307,642223001,24,2
1308,642105001,2,2
1309,673462001,29,2
1310,641708001,28,2
1311,641705001,0,2
1312,640807003,8,2
1313,644800004,7,2
1314,645065015,22,2
1315,645422002,26,2
1316,648630003,2,2
1317,670123002,14,2
1318,670233004,30,2
1319,670279003,5,2
1320,670286001,30,2
1321,649492009,0,2
1322,649492005,2,2
1323,649437002,12,2
1324,649428001,28,2
1325,670634001,27,2
1326,671421002,25,2
1327,648173001,1,2
1328,672054004,28,2
1329,647843001,32,2
1330,647823002,24,2
1331,671436002,29,2
1332,647751001,21,2
1333,671553003,28,2
1334,671553006,15,2
1335,647190001,25,2
1336,671553008,16,2
1337,646811002,31,2
1338,671974001,15,2
1339,655567001,24,2
1340,655567002,22,2
1341,655580001,31,2
1342,659983001,15,2
1343,664421002,8,2
1344,661435001,18,2
1345,661373001,15,2
1346,661166005,16,2
1347,661162003,28,2
1348,661162002,12,2
1349,664647006,14,2
1350,661152001,12,2
1351,661147004,16,2
1352,661095001,15,2
1353,660994002,26,2
1354,660927001,17,2
1355,660830004,8,2
1356,664936004,7,2
1357,665089001,9,2
1358,665098001,9,2
1359,665201001,21,2
1360,660590001,6,2
1361,665228001,27,2
1362,665294004,10,2
1363,665303002,22,2
1364,660450001,27,2
1365,660369005,16,2
1366,661610001,9,2
1367,661705001,12,2
1368,664368003,24,2
1369,664074003,15,2
1370,662980001,16,2
1371,663396002,9,2
1372,662948001,24,2
1373,663488001,15,2
1374,662935001,16,2
1375,663695002,5,2
1376,663724002,29,2
1377,663746001,29,2
1378,662868004,2,2
1379,664074002,12,2
1380,662857004,16,2
1381,664338002,7,2
1382,664133002,11,2
1383,664190001,15,2
1384,662728004,12,2
1385,662696003,14,2
1386,662553003,14,2
1387,662253002,2,2
1388,662085001,12,2
1389,661810001,0,2
1390,661806003,0,2
1391,661797001,15,2
1392,660308001,9,2
1393,659851001,19,2
1394,667378002,2,2
1395,659848001,21,2
1396,657476001,8,2
1397,657415006,15,2
1398,657287002,0,2
1399,666354002,0,2
1400,657285001,8,2
1401,657165001,3,2
1402,657116003,21,2
1403,657116001,2,2
1404,656734005,10,2
1405,666382001,16,2
1406,656686001,15,2
1407,656649003,1,2
1408,656497004,16,2
1409,666585003,22,2
1410,656213003,8,2
1411,656099001,6,2
1412,666651009,24,2
1413,655855001,24,2
1414,655784003,10,2
1415,666656001,21,2
1416,667161002,21,2
1417,667378001,2,2
1418,655691001,0,2
1419,666223001,17,2
1420,665875003,7,2
1421,665873002,2,2
1422,658847002,24,2
1423,659832001,8,2
1424,659562001,10,2
1425,659521001,3,2
1426,659460002,15,2
1427,659381001,8,2
1428,659302004,12,2
1429,659295003,12,2
1430,659124001,31,2
1431,658907007,2,2
1432,658850002,5,2
1433,665311001,22,2
1434,665831002,23,2
1435,658295002,18,2
1436,665325001,1,2
1437,658254006,2,2
1438,658183002,21,2
1439,665410002,22,2
1440,658119001,27,2
1441,658030006,18,2
1442,657970001,8,2
1443,665725003,25,2
1444,657497001,22,2
1445,640677002,8,2
1446,673900001,25,2
1447,622618004,21,2
1448,630116006,21,2
1449,678933001,11,2
1450,678933002,9,2
1451,629912001,4,2
1452,629551004,8,2
1453,629483002,24,2
1454,678942001,12,2
1455,629023006,30,2
1456,678942003,2,2
1457,678983002,8,2
1458,628924001,22,2
1459,628813002,5,2
1460,628788004,5,2
1461,678983008,8,2
1462,678992001,18,2
1463,627379002,22,2
1464,627139002,19,2
1465,679121002,24,2
1466,679494001,11,2
1467,627092003,29,2
1468,627092001,29,2
1469,679725001,10,2
1470,679986001,2,2
1471,626816001,1,2
1472,630116004,21,2
1473,630116011,21,2
1474,640639001,8,2
1475,630116017,21,2
1476,633130001,8,2
1477,677999003,9,2
1478,632982015,28,2
1479,678063001,25,2
1480,632737004,27,2
1481,632665002,7,2
1482,632534004,1,2
1483,632516001,2,2
1484,632451001,9,2
1485,632065002,8,2
1486,632020002,5,2
1487,631902001,4,2
1488,631848001,22,2
1489,631744003,9,2
1490,631590005,18,2
1491,631492002,15,2
1492,630672001,8,2
1493,630532001,8,2
1494,630514003,24,2
1495,678342001,12,2
1496,630450001,1,2
1497,630316012,12,2
1498,678552001,16,2
1499,679986005,15,2
1500,626476002,23,2
1501,626445006,6,2
1502,626443002,29,2
1503,624917001,31,2
1504,624636002,27,2
1505,682204001,15,2
1506,624486008,2,2
1507,624486001,8,2
1508,624274006,8,2
1509,624123004,31,2
1510,624122003,31,2
1511,624121005,6,2
1512,624120004,6,2
1513,624050004,15,2
1514,624006001,29,2
1515,623434013,15,2
1516,623434008,8,2
1517,623283003,31,2
1518,682267002,10,2
1519,682456001,18,2
1520,682550001,8,2
1521,622955001,12,2
1522,682604001,8,2
1523,682604002,25,2
1524,622678005,12,2
1525,622678003,28,2
1526,682028002,12,2
1527,682028001,12,2
1528,625311008,21,2
1529,680846001,15,2
1530,626415013,29,2
1531,626410001,8,2
1532,626406003,20,2
1533,680186002,0,2
1534,626257003,20,2
1535,625961001,29,2
1536,680374002,24,2
1537,680557004,11,2
1538,680782001,5,2
1539,625939012,10,2
1540,625819005,15,2
1541,625316006,21,2
1542,625819003,2,2
1543,625819001,0,2
1544,680912005,0,2
1545,680912011,8,2
1546,625773003,12,2
1547,625480003,7,2
1548,681121001,4,2
1549,681264008,23,2
1550,681358001,8,2
1551,681815003,8,2
1552,677991002,1,2
1553,677967009,2,2
1554,633130014,27,2
1555,637268002,15,2
1556,674482004,20,2
1557,674509001,2,2
1558,639192001,15,2
1559,639151001,12,2
1560,639104001,13,2
1561,674651001,24,2
1562,638899002,21,2
1563,674681008,1,2
1564,674844001,2,2
1565,638532001,15,2
1566,638204001,6,2
1567,638039001,8,2
1568,637911005,2,2
1569,675095005,2,2
1570,637858001,14,2
1571,637820001,12,2
1572,637673006,10,2
1573,637661003,16,2
1574,675359001,2,2
1575,675359002,2,2
1576,637549004,16,2
1577,675856001,30,2
1578,675952009,12,2
1579,674336001,22,2
1580,639469006,32,2
1581,639496004,22,2
1582,640124003,22,2
1583,673900002,27,2
1584,640539001,0,2
1585,640536001,26,2
1586,674002001,12,2
1587,640530001,31,2
1588,674014002,15,2
1589,640462001,2,2
1590,640299002,5,2
1591,640176001,8,2
1592,640174002,15,2
1593,640124002,8,2
1594,639576001,12,2
1595,640020003,10,2
1596,639893003,17,2
1597,674047003,18,2
1598,639845003,27,2
1599,639845002,3,2
1600,639833002,12,2
1601,674079001,4,2
1602,639672001,28,2
1603,639598004,17,2
1604,639578004,17,2
1605,676166001,19,2
1606,637268001,28,2
1607,677967008,5,2
1608,677017001,27,2
1609,635273002,8,2
1610,635084003,22,2
1611,635084002,10,2
1612,677930003,22,2
1613,634704002,22,2
1614,634704001,22,2
1615,677930005,24,2
1616,634249002,2,2
1617,634019001,20,2
1618,634015003,21,2
1619,634013012,11,2
1620,634009010,21,2
1621,634009004,21,2
1622,634009003,21,2
1623,633781014,12,2
1624,677930015,8,2
1625,633781006,8,2
1626,633136009,8,2
1627,633136006,8,2
1628,633133001,27,2
1629,633130020,16,2
1630,633130019,22,2
1631,633130017,22,2
1632,635276001,4,2
1633,635425004,0,2
1634,635473002,27,2
1635,636455008,12,2
1636,677172003,8,2
1637,677347003,16,2
1638,637223004,22,2
1639,637194001,25,2
1640,637131001,10,2
1641,637103001,12,2
1642,636935006,28,2
1643,636900001,12,2
1644,636587001,8,2
1645,677664001,4,2
1646,636420001,2,2
1647,635561009,15,2
1648,636389002,19,2
1649,636385004,0,2
1650,677809001,22,2
1651,636323005,18,2
1652,677848001,6,2
1653,636323003,18,2
1654,636323002,18,2
1655,636207001,14,2
1656,635957001,8,2
1657,635789001,19,2
1658,630299001,12,2
1659,729931001,12,2
1660,534164001,28,2
1661,399087017,8,2
1662,401044012,22,2
1663,549251001,9,2
1664,400285009,14,2
1665,399256002,27,2
1666,399223030,18,2
1667,399223028,18,2
1668,548467001,8,2
1669,399223004,18,2
1670,508184020,26,2
1671,399136011,19,2
1672,478818003,6,2
1673,567608002,20,2
1674,548111002,12,2
1675,509091025,5,2
1676,429313013,5,2
1677,567618001,5,2
1678,398074065,12,2
1679,397068014,11,2
1680,397068001,14,2
1681,509210002,8,2
1682,395127011,23,2
1683,547780001,25,2
1684,547752003,10,2
1685,392938035,23,2
1686,567818001,14,2
1687,547349002,5,2
1688,509280004,22,2
1689,387843036,23,2
1690,403479001,30,2
1691,507910020,15,2
1692,549333007,2,2
1693,507909017,0,2
1694,552346012,20,2
1695,504742003,2,2
1696,564999009,30,2
1697,505071001,0,2
1698,565036008,30,2
1699,552018007,31,2
1700,552018006,31,2
1701,505230006,12,2
1702,565200032,31,2
1703,506452004,24,2
1704,565338002,5,2
1705,551566002,12,2
1706,565379021,19,2
1707,551504002,11,2
1708,565481002,14,2
1709,565481003,14,2
1710,416157003,9,2
1711,551336003,6,2
1712,551336001,1,2
1713,551045040,11,2
1714,566799007,29,2
1715,550309001,2,2
1716,507883008,12,2
1717,507883009,12,2
1718,408104012,23,2
1719,549852003,3,2
1720,566941004,27,2
1721,509457017,26,2
1722,546617005,15,2
1723,546406001,12,2
1724,513257013,13,2
1725,513373002,28,2
1726,351933001,5,2
1727,568863005,16,2
1728,351484014,17,2
1729,514482001,24,2
1730,348870001,8,2
1731,541519024,5,2
1732,541512010,24,2
1733,515991007,12,2
1734,569526002,21,2
1735,515991015,19,2
1736,541286003,29,2
1737,569562005,12,2
1738,341452001,5,2
1739,516000035,27,2
1740,569847002,2,2
1741,325542015,0,2
1742,540277004,28,2
1743,324502018,4,2
1744,322017003,12,2
1745,569986004,23,2
1746,539723042,9,2
1747,539723038,25,2
1748,516000070,15,2
1749,316085002,1,2
1750,516741007,12,2
1751,516903008,8,2
1752,568861008,16,2
1753,568838004,1,2
1754,567992021,20,2
1755,512699001,0,2
1756,545439001,6,2
1757,379780024,22,2
1758,378135030,21,2
1759,567993016,21,2
1760,377277001,8,2
1761,373506001,32,2
1762,544627006,2,2
1763,567993040,21,2
1764,568065001,21,2
1765,372860041,5,2
1766,544360001,31,2
1767,372576011,23,2
1768,510465001,10,2
1769,568066001,21,2
1770,568174026,6,2
1771,511783003,4,2
1772,568301001,29,2
1773,511783009,16,2
1774,542846001,9,2
1775,542730007,28,2
1776,568597008,24,2
1777,568597012,9,2
1778,356289021,1,2
1779,568597018,10,2
1780,568597021,15,2
1781,568601019,10,2
1782,355569043,0,2
1783,429313002,5,2
1784,429313016,5,2
1785,310091018,32,2
1786,456163002,22,2
1787,556560001,14,2
1788,556549004,4,2
1789,560221004,17,2
1790,463970010,5,2
1791,458924011,12,2
1792,556364001,29,2
1793,487827009,15,2
1794,457892005,2,2
1795,560222002,17,2
1796,456163018,19,2
1797,456163015,19,2
1798,560222004,17,2
1799,456163009,22,2
1800,560268001,19,2
1801,564787014,12,2
1802,555351006,6,2
1803,560270001,21,2
1804,455832001,5,2
1805,560389011,5,2
1806,560393001,5,2
1807,490793035,8,2
1808,554811014,19,2
1809,554792001,4,2
1810,554772031,19,2
1811,554757003,16,2
1812,453585009,28,2
1813,554704004,8,2
1814,493103005,31,2
1815,560213004,17,2
1816,463970040,10,2
1817,556560002,6,2
1818,560209006,12,2
1819,479167002,24,2
1820,557265001,29,2
1821,557248024,23,2
1822,478549006,16,2
1823,479227001,19,2
1824,559129002,14,2
1825,559129006,3,2
1826,559129008,3,2
1827,474138001,7,2
1828,557247021,23,2
1829,482207009,12,2
1830,482638017,28,2
1831,469137010,28,2
1832,468480031,1,2
1833,559630002,17,2
1834,559630003,10,2
1835,468480025,18,2
1836,557247013,15,2
1837,484205010,9,2
1838,559634008,17,2
1839,467302079,27,2
1840,484398062,21,2
1841,484398071,21,2
1842,560047002,4,2
1843,464908037,15,2
1844,556958001,23,2
1845,464679003,12,2
1846,493995001,12,2
1847,561067003,21,2
1848,554552003,6,2
1849,448515018,27,2
1850,500771007,7,2
1851,563479001,5,2
1852,501286001,12,2
1853,501323011,9,2
1854,563519001,19,2
1855,501616008,11,2
1856,446224016,22,2
1857,446224014,15,2
1858,563519006,19,2
1859,563610001,6,2
1860,563874001,13,2
1861,501616074,23,2
1862,552826027,4,2
1863,501616089,23,2
1864,552826001,4,2
1865,552817001,28,2
1866,502224001,4,2
1867,503729006,6,2
1868,436083002,19,2
1869,504152001,12,2
1870,552473029,22,2
1871,504154003,16,2
1872,432566001,32,2
1873,564418002,8,2
1874,504154022,16,2
1875,564786017,21,2
1876,552471004,8,2
1877,448509015,27,2
1878,563024001,8,2
1879,554546019,26,2
1880,448515027,27,2
1881,452618001,32,2
1882,561445003,2,2
1883,561445008,19,2
1884,561445011,19,2
1885,554546003,6,2
1886,494691001,12,2
1887,452616009,29,2
1888,561500001,30,2
1889,561548002,6,2
1890,495573004,5,2
1891,554541015,30,2
1892,554541005,30,2
1893,451380032,14,2
1894,561814002,19,2
1895,561817002,23,2
1896,562211011,4,2
1897,496111020,12,2
1898,562245005,9,2
1899,562245046,9,2
1900,450604022,6,2
1901,450604007,6,2
1902,554477005,12,2
1903,554450019,8,2
1904,562252038,10,2
1905,554141003,29,2
1906,562255001,9,2
1907,562256010,16,2
1908,538993007,9,2
1909,558246003,21,2
1910,532578001,16,2
1911,573856023,15,2
1912,306847002,29,2
1913,575141004,2,2
1914,530665001,16,2
1915,571436030,1,2
1916,524939008,1,2
1917,575347010,11,2
1918,123173001,32,2
1919,294008002,7,2
1920,300024013,10,2
1921,537688013,16,2
1922,535488010,2,2
1923,189691044,26,2
1924,570319001,5,2
1925,255396006,8,2
1926,570243001,23,2
1927,307239001,5,2
1928,571650001,8,2
1929,572399005,22,2
1930,573716024,10,2
1931,519929010,22,2
1932,534164013,15,2
1933,299733001,19,2
1934,198518010,29,2
1935,574752003,0,2
1936,524825006,10,2
1937,200182002,32,2
1938,179208001,32,2
1939,519773002,16,2
1940,537612021,6,2
1941,243937001,32,2
1942,573716010,9,2
1943,234432001,32,2
1944,537346024,16,2
1945,521302006,16,2
1946,301227017,23,2
1947,240561001,32,2
1948,301656013,28,2
1949,305931001,17,2
1950,537346022,16,2
1951,523489001,12,2
1952,574116001,8,2
1953,537350008,9,2
1954,537116001,12,2
1955,570004010,23,2
1956,186264014,4,2
1957,570003018,23,2
1958,520508001,28,2
1959,572942002,27,2
1960,570003026,11,2
1961,573390001,5,2
1962,309864002,3,2
1963,538699007,19,2
1964,538699001,19,2
1965,272591016,25,2
1966,186262001,4,2
1967,308158014,29,2
1968,186372011,9,2
1969,572399004,15,2
1970,219075028,23,2
1971,570003001,11,2
1972,182909001,32,2
1973,570002033,11,2
1974,532578010,16,2
1975,534357005,18,2
1976,219075023,23,2
1977,525500001,9,2
1978,659873001,28,1
1979,659983002,15,1
1980,660174001,1,1
1981,491913003,9,1
1982,523489019,31,1
1983,491913001,9,1
1984,660150001,22,1
1985,491912025,23,1
1986,495864003,1,1
1987,660830001,8,1
1988,491070004,30,1
1989,659835001,2,1
1990,659877001,2,1
1991,645486002,26,1
1992,660712014,10,1
1993,496111011,16,1
1994,644783002,25,1
1995,523625004,3,1
1996,645620001,13,1
1997,523936027,23,1
1998,496111004,15,1
1999,660201001,31,1
2000,660590003,6,1
2001,660286001,4,1
2002,645030001,5,1
2003,493766003,7,1
2004,644803001,28,1
2005,660552001,5,1
2006,493438027,21,1
2007,494030013,25,1
2008,644803002,2,1
2009,493438021,21,1
2010,660519001,5,1
2011,644828002,6,1
2012,493438015,21,1
2013,644944001,18,1
2014,660698002,20,1
2015,644967001,9,1
2016,523490004,19,1
2017,660712002,10,1
2018,495393002,7,1
2019,645065014,22,1
2020,660367001,4,1
2021,660312002,1,1
2022,523490003,4,1
2023,660308003,21,1
2024,660308002,12,1
2025,493103018,31,1
2026,523490007,32,1
2027,523490002,4,1
2028,660300002,6,1
2029,645423002,26,1
2030,660286003,15,1
2031,494030019,24,1
2032,516951003,17,1
2033,645626001,25,1
2034,501616012,11,1
2035,646585001,21,1
2036,501616009,23,1
2037,522918026,21,1
2038,646536002,1,1
2039,646536001,1,1
2040,501616006,23,1
2041,522918030,31,1
2042,523160018,15,1
2043,658240001,2,1
2044,646286001,2,1
2045,500780011,21,1
2046,500780001,28,1
2047,646225001,13,1
2048,658304003,9,1
2049,658475001,6,1
2050,658487001,5,1
2051,658487003,5,1
2052,522918019,1,1
2053,646660003,15,1
2054,645732001,2,1
2055,658030002,18,1
2056,501820025,22,1
2057,657497002,22,1
2058,646767001,1,1
2059,501820006,22,1
2060,646756001,4,1
2061,657628001,10,1
2062,657639001,2,1
2063,501616088,23,1
2064,646755001,28,1
2065,657852007,23,1
2066,657891002,26,1
2067,657925004,16,1
2068,657933001,9,1
2069,657955001,1,1
2070,657955005,22,1
2071,501616087,23,1
2072,658013001,12,1
2073,658502001,30,1
2074,658756001,26,1
2075,646171002,6,1
2076,500435039,4,1
2077,659325002,2,1
2078,659379001,2,1
2079,498779009,1,1
2080,645970001,21,1
2081,644763001,5,1
2082,498061007,2,1
2083,659460001,4,1
2084,645969001,4,1
2085,645895001,27,1
2086,645882003,26,1
2087,645844001,15,1
2088,497640008,23,1
2089,496762020,25,1
2090,659550001,22,1
2091,496762018,10,1
2092,659669001,7,1
2093,496735008,5,1
2094,659324002,21,1
2095,659320001,26,1
2096,499368004,26,1
2097,658923002,28,1
2098,500435003,16,1
2099,646171001,6,1
2100,500372004,31,1
2101,646101002,28,1
2102,658852001,5,1
2103,646085005,31,1
2104,500369004,31,1
2105,658926002,28,1
2106,659302001,2,1
2107,658928001,21,1
2108,500357002,6,1
2109,659132001,12,1
2110,645980002,12,1
2111,659295001,28,1
2112,523488001,4,1
2113,499368006,30,1
2114,659459001,2,1
2115,661162004,16,1
2116,644762001,27,1
2117,485678039,26,1
2118,643344005,1,1
2119,643344002,8,1
2120,643305002,25,1
2121,484104006,2,1
2122,482638018,7,1
2123,642975002,20,1
2124,662948003,16,1
2125,662972001,2,1
2126,481529006,24,1
2127,662980002,16,1
2128,662980003,16,1
2129,663003005,21,1
2130,663016001,16,1
2131,481455002,22,1
2132,663176005,1,1
2133,663176006,22,1
2134,663185001,4,1
2135,662932002,24,1
2136,484398054,28,1
2137,484398056,21,1
2138,485673025,30,1
2139,662741001,26,1
2140,485678034,26,1
2141,662857002,12,1
2142,524825007,0,1
2143,485678019,6,1
2144,485673040,30,1
2145,643591001,0,1
2146,662866002,24,1
2147,643540001,23,1
2148,662866003,9,1
2149,485673023,30,1
2150,485537023,13,1
2151,643588001,7,1
2152,484398068,21,1
2153,643575001,31,1
2154,643552001,4,1
2155,663243001,6,1
2156,663282001,17,1
2157,481347003,16,1
2158,642796001,26,1
2159,481110008,5,1
2160,663732001,4,1
2161,663732004,4,1
2162,479294002,11,1
2163,663851003,6,1
2164,663937001,17,1
2165,479227017,28,1
2166,663942005,7,1
2167,663713001,5,1
2168,525932002,19,1
2169,525932007,19,1
2170,642739001,2,1
2171,525932008,19,1
2172,479167001,5,1
2173,663945002,20,1
2174,478818005,31,1
2175,663714001,4,1
2176,663699001,12,1
2177,663331002,19,1
2178,663441001,24,1
2179,642975001,20,1
2180,663342003,29,1
2181,663355003,18,1
2182,663368001,4,1
2183,481147001,1,1
2184,481110019,5,1
2185,642971002,1,1
2186,481110018,5,1
2187,481110017,5,1
2188,663515001,22,1
2189,525581005,26,1
2190,642853001,8,1
2191,663515004,22,1
2192,663568001,7,1
2193,663577002,19,1
2194,663695001,24,1
2195,643701002,5,1
2196,643701003,24,1
2197,644706003,31,1
2198,662722001,32,1
2199,644362001,17,1
2200,488311001,7,1
2201,488012029,6,1
2202,488012012,6,1
2203,488012002,6,1
2204,644306002,22,1
2205,661493002,5,1
2206,661589001,7,1
2207,661605001,1,1
2208,487932038,6,1
2209,661644004,1,1
2210,487932024,6,1
2211,661649001,23,1
2212,487910001,6,1
2213,487827023,18,1
2214,644300003,22,1
2215,644288001,12,1
2216,644362005,4,1
2217,488546001,8,1
2218,524529001,8,1
2219,490176004,1,1
2220,660830006,16,1
2221,660924001,27,1
2222,490793027,7,1
2223,490793015,28,1
2224,490436001,24,1
2225,661118002,1,1
2226,524458002,10,1
2227,644522002,12,1
2228,661166002,16,1
2229,490176001,1,1
2230,661152002,15,1
2231,661162001,12,1
2232,524486002,30,1
2233,489607004,4,1
2234,489607003,24,1
2235,646789001,26,1
2236,661795002,15,1
2237,644035001,13,1
2238,643974005,6,1
2239,662592002,8,1
2240,486639003,8,1
2241,662344003,0,1
2242,662369001,11,1
2243,524770004,4,1
2244,662369005,17,1
2245,662441001,21,1
2246,486462007,4,1
2247,643833003,1,1
2248,662260001,2,1
2249,662592003,8,1
2250,643833002,1,1
2251,662628001,8,1
2252,662630002,12,1
2253,485689011,17,1
2254,662696005,14,1
2255,643739002,17,1
2256,662320001,11,1
2257,486782002,5,1
2258,487800029,20,1
2259,661869001,20,1
2260,661806001,28,1
2261,661806002,9,1
2262,487750034,13,1
2263,487722005,5,1
2264,487275017,26,1
2265,661811001,15,1
2266,487275010,26,1
2267,487053021,6,1
2268,524529004,8,1
2269,661914001,8,1
2270,662076003,27,1
2271,662084001,15,1
2272,487052007,6,1
2273,662160001,26,1
2274,487050025,29,1
2275,487050001,6,1
2276,502186015,16,1
2277,504154018,16,1
2278,502522001,19,1
2279,652840001,26,1
2280,652367005,15,1
2281,511121006,13,1
2282,511105004,15,1
2283,511105001,9,1
2284,652708001,24,1
2285,510465002,10,1
2286,652730003,2,1
2287,652731003,22,1
2288,652732001,11,1
2289,510398014,1,1
2290,510126001,5,1
2291,510075010,22,1
2292,652747001,2,1
2293,652747002,11,1
2294,652783004,0,1
2295,652787001,8,1
2296,519847006,15,1
2297,649440007,11,1
2298,652361004,0,1
2299,652361001,16,1
2300,649495001,1,1
2301,649551016,1,1
2302,649551007,4,1
2303,651946001,1,1
2304,651972002,20,1
2305,649510002,20,1
2306,652000009,31,1
2307,652009003,26,1
2308,652075001,22,1
2309,652355001,22,1
2310,519588003,22,1
2311,652142002,1,1
2312,652196002,1,1
2313,519718007,16,1
2314,652221003,2,1
2315,519749040,16,1
2316,652269004,2,1
2317,519929006,1,1
2318,519929007,1,1
2319,653633002,2,1
2320,652847002,29,1
2321,649356001,26,1
2322,653337002,6,1
2323,509465002,2,1
2324,649328001,1,1
2325,653416002,12,1
2326,649323001,1,1
2327,649242001,7,1
2328,649238001,7,1
2329,649098003,23,1
2330,653431001,28,1
2331,509210006,9,1
2332,653552001,15,1
2333,649059002,5,1
2334,653567001,12,1
2335,653567003,1,1
2336,653587001,15,1
2337,509210005,19,1
2338,653335002,13,1
2339,509468002,15,1
2340,653277002,15,1
2341,509668001,6,1
2342,510075007,2,1
2343,652924005,2,1
2344,510074005,12,1
2345,652946001,28,1
2346,653032007,22,1
2347,510018004,2,1
2348,509994014,23,1
2349,653208002,19,1
2350,509468004,11,1
2351,520175004,5,1
2352,509629008,24,1
2353,649382001,26,1
2354,653210011,12,1
2355,649356002,13,1
2356,653233001,7,1
2357,653248003,2,1
2358,651935002,31,1
2359,512630005,13,1
2360,651913002,8,1
2361,513257010,31,1
2362,516000044,28,1
2363,651329001,8,1
2364,651330003,2,1
2365,651334001,12,1
2366,516000036,28,1
2367,650678002,26,1
2368,650678001,6,1
2369,651334006,28,1
2370,651336002,28,1
2371,517880011,24,1
2372,651337001,15,1
2373,516000020,28,1
2374,651348002,2,1
2375,651348005,28,1
2376,518329007,18,1
2377,516000019,12,1
2378,518529001,25,1
2379,651282001,9,1
2380,516000056,15,1
2381,650678003,26,1
2382,516900002,6,1
2383,650799002,6,1
2384,650800002,6,1
2385,650974001,1,1
2386,650974003,27,1
2387,517678006,1,1
2388,651082010,15,1
2389,651089001,2,1
2390,651206001,5,1
2391,651273003,2,1
2392,650678004,20,1
2393,516741006,10,1
2394,651244002,28,1
2395,651253001,11,1
2396,651253002,11,1
2397,651256001,32,1
2398,516000073,24,1
2399,516000002,2,1
2400,515991012,19,1
2401,650279002,24,1
2402,649671004,9,1
2403,513699016,23,1
2404,651756002,26,1
2405,650103003,28,1
2406,513699010,14,1
2407,649683001,7,1
2408,513373020,15,1
2409,651859001,4,1
2410,513325016,23,1
2411,651723001,12,1
2412,651863002,27,1
2413,651863004,17,1
2414,649671001,2,1
2415,519079006,11,1
2416,651893003,22,1
2417,651899003,31,1
2418,513257011,26,1
2419,518827004,12,1
2420,651692001,8,1
2421,651461001,30,1
2422,650279001,24,1
2423,651461003,6,1
2424,651464002,15,1
2425,651464005,28,1
2426,651465001,15,1
2427,515158010,28,1
2428,651465003,28,1
2429,651517001,29,1
2430,651558002,25,1
2431,651619001,7,1
2432,515158003,2,1
2433,515136001,24,1
2434,651558007,25,1
2435,650274003,5,1
2436,515042002,12,1
2437,650193004,1,1
2438,514577017,15,1
2439,653633001,24,1
2440,649057002,0,1
2441,502631001,1,1
2442,656763001,2,1
2443,656388001,23,1
2444,656401001,23,1
2445,656401005,30,1
2446,647794001,12,1
2447,506452003,5,1
2448,656539001,6,1
2449,506412005,26,1
2450,506191003,17,1
2451,656661001,1,1
2452,647770002,23,1
2453,522346004,15,1
2454,656686002,2,1
2455,522398011,12,1
2456,647465001,21,1
2457,647462001,21,1
2458,647416005,9,1
2459,504890002,4,1
2460,656377002,4,1
2461,522346001,16,1
2462,647822002,5,1
2463,656059003,18,1
2464,507676005,20,1
2465,656015002,1,1
2466,656017001,1,1
2467,656031001,24,1
2468,656032004,5,1
2469,647982002,4,1
2470,656032006,5,1
2471,656059004,11,1
2472,506903004,20,1
2473,656071001,5,1
2474,647837001,23,1
2475,507676003,20,1
2476,656121001,23,1
2477,656192001,28,1
2478,522043004,15,1
2479,506993012,1,1
2480,647373004,8,1
2481,647373002,28,1
2482,520370001,5,1
2483,656763005,1,1
2484,647182001,31,1
2485,504154001,15,1
2486,504152009,22,1
2487,646824002,6,1
2488,504113023,28,1
2489,657291001,5,1
2490,522918006,25,1
2491,657291003,15,1
2492,504113022,25,1
2493,657308002,7,1
2494,657395001,0,1
2495,504113012,28,1
2496,657415001,9,1
2497,646789005,31,1
2498,502836004,28,1
2499,657428001,13,1
2500,657434001,26,1
2501,657285005,22,1
2502,650722001,15,1
2503,522461001,4,1
2504,657128001,9,1
2505,656975002,28,1
2506,657014001,18,1
2507,647355003,16,1
2508,657063001,8,1
2509,522398049,8,1
2510,504155012,19,1
2511,504155011,16,1
2512,647268004,11,1
2513,647190002,2,1
2514,657135001,1,1
2515,657159002,12,1
2516,504155001,16,1
2517,522398050,12,1
2518,504154020,16,1
2519,657215002,3,1
2520,657220001,4,1
2521,648034001,9,1
2522,521302004,22,1
2523,648173003,24,1
2524,656004002,15,1
2525,654564002,5,1
2526,508903014,1,1
2527,648968001,7,1
2528,648964001,1,1
2529,654564005,5,1
2530,654700001,17,1
2531,508638038,11,1
2532,654704001,17,1
2533,648940001,2,1
2534,508227002,27,1
2535,648911001,31,1
2536,508182003,15,1
2537,654783005,16,1
2538,648904001,4,1
2539,654797001,14,1
2540,648738013,9,1
2541,648719001,12,1
2542,508929001,29,1
2543,654436002,1,1
2544,508931035,31,1
2545,654100004,1,1
2546,649046002,24,1
2547,653733001,9,1
2548,653929002,9,1
2549,648998001,15,1
2550,648995009,12,1
2551,654046002,5,1
2552,648995005,32,1
2553,648995004,5,1
2554,648980001,2,1
2555,654100005,8,1
2556,654193001,30,1
2557,654266006,2,1
2558,654375001,3,1
2559,654414001,28,1
2560,654423001,5,1
2561,648994001,18,1
2562,654861001,16,1
2563,654921001,2,1
2564,655003001,11,1
2565,648385001,2,1
2566,648627001,9,1
2567,655692001,1,1
2568,648562002,5,1
2569,655710006,10,1
2570,648414005,11,1
2571,507909015,28,1
2572,648414004,12,1
2573,507883007,24,1
2574,507909023,28,1
2575,655869002,5,1
2576,648279007,29,1
2577,655895001,25,1
2578,655898001,8,1
2579,648209002,31,1
2580,655917002,19,1
2581,655969001,4,1
2582,648627002,15,1
2583,507910002,28,1
2584,655248001,26,1
2585,655331001,2,1
2586,655252001,24,1
2587,655259001,16,1
2588,508156027,2,1
2589,648630004,19,1
2590,520509001,28,1
2591,507987026,22,1
2592,507987024,15,1
2593,521062003,28,1
2594,648627007,15,1
2595,655347001,21,1
2596,507987001,1,1
2597,655347006,21,1
2598,507910021,0,1
2599,648630001,15,1
2600,655403002,22,1
2601,655434002,15,1
2602,508837001,11,1
2603,464297022,4,1
2604,478751007,1,1
2605,685276006,2,1
2606,684588008,0,1
2607,684675001,25,1
2608,347983038,29,1
2609,684848003,0,1
2610,684851004,21,1
2611,347975001,3,1
2612,684890001,25,1
2613,342034027,4,1
2614,685276005,0,1
2615,685276007,15,1
2616,684588006,15,1
2617,342034014,4,1
2618,342034003,4,1
2619,685343001,2,1
2620,341782022,27,1
2621,685347003,16,1
2622,685379001,15,1
2623,685382001,28,1
2624,685383001,15,1
2625,338016001,23,1
2626,348442015,28,1
2627,684588003,28,1
2628,683379002,17,1
2629,354246011,6,1
2630,355569005,8,1
2631,355569004,27,1
2632,355569002,1,1
2633,355072003,2,1
2634,683662009,22,1
2635,683667001,9,1
2636,683718003,0,1
2637,683987001,19,1
2638,684010001,24,1
2639,684028001,2,1
2640,684588002,32,1
2641,351933029,9,1
2642,684080002,12,1
2643,684105001,15,1
2644,350911001,23,1
2645,684206001,5,1
2646,349301001,1,1
2647,684238002,8,1
2648,348870009,8,1
2649,684400001,16,1
2650,685383003,28,1
2651,334077001,21,1
2652,685631001,4,1
2653,687424002,2,1
2654,687337002,22,1
2655,312829007,4,1
2656,687350002,19,1
2657,687364001,7,1
2658,687371001,10,1
2659,687371002,16,1
2660,687411001,6,1
2661,687411004,6,1
2662,687421001,26,1
2663,309864010,14,1
2664,327310014,27,1
2665,687524002,22,1
2666,687524003,16,1
2667,308158008,29,1
2668,687629001,1,1
2669,687763001,4,1
2670,687821001,18,1
2671,307239005,21,1
2672,688018003,6,1
2673,688341001,9,1
2674,687337001,4,1
2675,312878005,30,1
2676,316085001,12,1
2677,687260002,7,1
2678,325087044,24,1
2679,325087043,5,1
2680,324946001,32,1
2681,685791002,7,1
2682,324502008,9,1
2683,686265002,22,1
2684,686267001,29,1
2685,321591012,11,1
2686,318035018,0,1
2687,686397001,2,1
2688,686515003,8,1
2689,686587003,22,1
2690,316657008,8,1
2691,316553025,5,1
2692,687061002,21,1
2693,687114002,16,1
2694,687151002,1,1
2695,687169002,0,1
2696,687260001,22,1
2697,683493005,2,1
2698,356289005,8,1
2699,306847009,29,1
2700,386681012,2,1
2701,679514001,9,1
2702,679525001,23,1
2703,392168001,22,1
2704,391772001,11,1
2705,679881005,2,1
2706,679881007,2,1
2707,679887001,16,1
2708,386681018,4,1
2709,386681016,4,1
2710,384654004,7,1
2711,392938002,23,1
2712,383152003,24,1
2713,680258001,15,1
2714,381038026,8,1
2715,381038004,27,1
2716,381038003,1,1
2717,680492001,18,1
2718,380609010,22,1
2719,379780045,0,1
2720,379780039,8,1
2721,392220001,23,1
2722,679263001,19,1
2723,683356003,28,1
2724,678590001,25,1
2725,678280002,22,1
2726,678291002,9,1
2727,678291006,15,1
2728,678342006,23,1
2729,678342007,2,1
2730,678518001,24,1
2731,399087010,18,1
2732,678553004,2,1
2733,678571001,27,1
2734,678789001,8,1
2735,392938024,11,1
2736,398947001,8,1
2737,398829008,28,1
2738,678942002,2,1
2739,678974002,27,1
2740,396135048,19,1
2741,393447009,8,1
2742,678995001,4,1
2743,678995002,16,1
2744,679059001,8,1
2745,378135036,23,1
2746,377436002,16,1
2747,374762021,1,1
2748,358753001,4,1
2749,682068001,9,1
2750,362931027,23,1
2751,360859006,3,1
2752,359504019,19,1
2753,682267003,10,1
2754,682430001,2,1
2755,359504016,28,1
2756,358753005,12,1
2757,682600001,4,1
2758,358483007,27,1
2759,373506008,32,1
2760,682739001,13,1
2761,682739002,3,1
2762,358483006,16,1
2763,357751003,4,1
2764,682996001,18,1
2765,357751001,4,1
2766,683001001,32,1
2767,683001002,4,1
2768,683024003,17,1
2769,682028003,0,1
2770,364297029,3,1
2771,367376002,11,1
2772,681891001,2,1
2773,373506004,32,1
2774,372860052,32,1
2775,681150003,10,1
2776,681187001,29,1
2777,681196001,19,1
2778,681196002,19,1
2779,681244001,13,1
2780,681247001,1,1
2781,681247002,1,1
2782,681264006,13,1
2783,681264011,23,1
2784,372860024,32,1
2785,681594001,9,1
2786,681657001,19,1
2787,681667002,12,1
2788,681667007,12,1
2789,681718001,18,1
2790,681748003,1,1
2791,370868012,0,1
2792,306847010,29,1
2793,688508001,7,1
2794,678260005,22,1
2795,703629001,2,1
2796,701580001,24,1
2797,701981001,9,1
2798,702072001,8,1
2799,702624001,8,1
2800,702885001,10,1
2801,194037001,32,1
2802,703199001,5,1
2803,703199002,24,1
2804,190021003,1,1
2805,190021001,0,1
2806,701410001,15,1
2807,703843001,15,1
2808,189691067,26,1
2809,704048003,28,1
2810,704048006,2,1
2811,188183014,17,1
2812,705094003,10,1
2813,705115001,4,1
2814,705143001,4,1
2815,188183009,12,1
2816,701419001,15,1
2817,701398001,26,1
2818,697349008,19,1
2819,213691083,1,1
2820,697489001,2,1
2821,216081011,15,1
2822,697506001,4,1
2823,697927001,21,1
2824,215589001,32,1
2825,214844002,20,1
2826,214844001,4,1
2827,699366001,21,1
2828,699383001,2,1
2829,212042043,8,1
2830,701246002,15,1
2831,700774001,22,1
2832,700819002,28,1
2833,211143023,24,1
2834,700828001,2,1
2835,700828002,2,1
2836,211143022,6,1
2837,700842002,7,1
2838,700861001,28,1
2839,201219011,32,1
2840,705187001,12,1
2841,705973003,27,1
2842,706896001,9,1
2843,146721002,4,1
2844,176550020,6,1
2845,714423001,22,1
2846,153115039,5,1
2847,153115019,5,1
2848,714428001,1,1
2849,714909001,5,1
2850,715232002,5,1
2851,148033001,32,1
2852,717130004,28,1
2853,719017001,4,1
2854,186372042,10,1
2855,719017002,10,1
2856,118458039,1,1
2857,719530004,1,1
2858,719610002,13,1
2859,118458038,16,1
2860,110065002,12,1
2861,727754001,2,1
2862,728162001,19,1
2863,110065001,24,1
2864,714419001,28,1
2865,176754001,21,1
2866,714413001,1,1
2867,714411001,1,1
2868,707606001,4,1
2869,707611001,4,1
2870,708806001,2,1
2871,186266004,4,1
2872,186262006,19,1
2873,711405002,2,1
2874,711694001,2,1
2875,711871001,22,1
2876,712517005,9,1
2877,181448104,12,1
2878,712838007,18,1
2879,181160009,22,1
2880,713993001,4,1
2881,713993005,4,1
2882,179950017,9,1
2883,713997002,4,1
2884,179950002,4,1
2885,714373001,1,1
2886,714375001,28,1
2887,697486002,4,1
2888,697329006,10,1
2889,688508002,1,1
2890,691102001,7,1
2891,293244008,29,1
2892,690480002,32,1
2893,690498001,16,1
2894,690566005,16,1
2895,690783004,9,1
2896,293244002,31,1
2897,291338017,6,1
2898,287645023,6,1
2899,287645002,3,1
2900,282832001,3,1
2901,690276001,9,1
2902,277738002,31,1
2903,691275008,28,1
2904,272591001,25,1
2905,691291004,10,1
2906,268305001,4,1
2907,266873006,32,1
2908,266168001,32,1
2909,262277026,1,1
2910,262277011,2,1
2911,690338002,19,1
2912,690260002,11,1
2913,696826001,16,1
2914,301213007,10,1
2915,688558007,1,1
2916,688632001,4,1
2917,688658003,32,1
2918,688678001,16,1
2919,688826001,4,1
2920,301227002,9,1
2921,688873006,22,1
2922,301213014,10,1
2923,301213013,10,1
2924,300908003,1,1
2925,297067002,21,1
2926,300024017,10,1
2927,300024016,10,1
2928,688873018,2,1
2929,299733008,7,1
2930,689123001,24,1
2931,689165001,28,1
2932,689208003,5,1
2933,297078002,18,1
2934,297078001,32,1
2935,262277009,10,1
2936,257430029,26,1
2937,691911001,6,1
2938,695113001,26,1
2939,694589001,1,1
2940,228257005,5,1
2941,694672001,4,1
2942,694689002,1,1
2943,228257004,32,1
2944,694966002,23,1
2945,694968001,23,1
2946,224337001,28,1
2947,694995001,0,1
2948,695151001,1,1
2949,691989003,28,1
2950,695255001,15,1
2951,224314013,8,1
2952,220094001,19,1
2953,695707001,1,1
2954,695972003,16,1
2955,218354047,2,1
2956,217727003,9,1
2957,696545005,22,1
2958,696628002,15,1
2959,234187001,11,1
2960,237347036,19,1
2961,693642001,7,1
2962,693480001,4,1
2963,692002001,28,1
2964,254940026,9,1
2965,692066001,29,1
2966,692202001,27,1
2967,253448001,5,1
2968,252229001,1,1
2969,249136022,10,1
2970,249136020,10,1
2971,244267032,12,1
2972,243937023,32,1
2973,692688001,4,1
2974,692903001,4,1
2975,693177002,3,1
2976,693208004,6,1
2977,241436001,4,1
2978,241412038,1,1
2979,693208007,21,1
2980,693466001,8,1
2981,693474001,15,1
2982,678280001,8,1
2983,678260002,5,1
2984,478646003,4,1
2985,668466002,3,1
2986,457039007,2,1
2987,457039003,12,1
2988,456163021,19,1
2989,668153001,9,1
2990,668290001,4,1
2991,668321002,28,1
2992,668390001,17,1
2993,668396001,17,1
2994,668466001,29,1
2995,668640001,10,1
2996,667870002,16,1
2997,668766002,28,1
2998,455828001,12,1
2999,668958001,6,1
3000,669014002,5,1
3001,455504002,26,1
3002,669031002,9,1
3003,669034002,18,1
3004,455014028,26,1
3005,455014019,26,1
3006,667924001,19,1
3007,667870001,9,1
3008,667126001,16,1
3009,667411002,13,1
3010,463086004,1,1
3011,667173002,2,1
3012,667216002,21,1
3013,667248004,5,1
3014,462435012,29,1
3015,461414008,4,1
3016,460302004,28,1
3017,459428011,19,1
3018,667395002,26,1
3019,458925002,28,1
3020,667832001,1,1
3021,458924006,27,1
3022,458543001,17,1
3023,458428034,11,1
3024,457292020,28,1
3025,667499010,19,1
3026,667697001,6,1
3027,667697002,6,1
3028,457292019,27,1
3029,667769005,11,1
3030,669091001,23,1
3031,669105001,15,1
3032,669215002,19,1
3033,670390001,6,1
3034,670233009,30,1
3035,670233011,30,1
3036,670279002,24,1
3037,452616002,20,1
3038,670295001,22,1
3039,670300001,1,1
3040,670300002,1,1
3041,670316001,17,1
3042,670334001,11,1
3043,670424001,28,1
3044,454804007,6,1
3045,452511001,12,1
3046,451720003,11,1
3047,670698001,10,1
3048,670707001,12,1
3049,670752001,26,1
3050,671011001,25,1
3051,671011002,15,1
3052,671015001,9,1
3053,671027001,27,1
3054,670233005,30,1
3055,670152001,6,1
3056,452818001,11,1
3057,670063002,24,1
3058,669268001,7,1
3059,669328001,8,1
3060,453358002,4,1
3061,669360002,1,1
3062,453358001,8,1
3063,669363001,1,1
3064,669517002,10,1
3065,669535001,23,1
3066,453272015,9,1
3067,669786001,4,1
3068,669786002,4,1
3069,669809001,5,1
3070,669814003,26,1
3071,669825002,5,1
3072,453239044,6,1
3073,453065002,29,1
3074,452851009,20,1
3075,669916001,28,1
3076,670063001,24,1
3077,667127001,12,1
3078,667096001,2,1
3079,451380012,23,1
3080,471077001,24,1
3081,664746001,4,1
3082,664776003,6,1
3083,664917002,27,1
3084,474088001,8,1
3085,664939001,8,1
3086,664942001,7,1
3087,664949001,3,1
3088,664949002,9,1
3089,665044002,1,1
3090,471074002,5,1
3091,474461014,23,1
3092,470985003,0,1
3093,665095004,30,1
3094,470789012,12,1
3095,470789003,5,1
3096,665211001,15,1
3097,470636064,25,1
3098,470636007,8,1
3099,665303001,1,1
3100,469682008,28,1
3101,664729001,11,1
3102,475762003,4,1
3103,463601008,27,1
3104,664190002,15,1
3105,664074005,0,1
3106,664074007,2,1
3107,478646002,4,1
3108,664122003,12,1
3109,478646001,4,1
3110,664133003,18,1
3111,664138002,12,1
3112,664180001,8,1
3113,478549005,22,1
3114,478298012,4,1
3115,477163001,11,1
3116,478298011,4,1
3117,664319008,17,1
3118,664325001,11,1
3119,477904002,7,1
3120,664340001,7,1
3121,477507002,7,1
3122,477163010,14,1
3123,664490001,0,1
3124,664618001,4,1
3125,469562036,10,1
3126,469562021,10,1
3127,665384001,10,1
3128,666449001,16,1
3129,666327008,13,1
3130,666354001,2,1
3131,642631002,28,1
3132,666354004,7,1
3133,463970044,5,1
3134,666382003,2,1
3135,666448001,28,1
3136,666448004,10,1
3137,666448005,28,1
3138,666578001,12,1
3139,469137011,10,1
3140,666578008,7,1
3141,666581001,21,1
3142,666584001,6,1
3143,463970023,5,1
3144,666606001,3,1
3145,666617003,2,1
3146,666617004,5,1
3147,463601015,29,1
3148,666651012,24,1
3149,464454011,25,1
3150,666115001,0,1
3151,666080002,5,1
3152,464679008,5,1
3153,469039019,2,1
3154,469039001,7,1
3155,665506001,7,1
3156,665507003,7,1
3157,467302099,25,1
3158,665538001,8,1
3159,665596001,5,1
3160,665725001,22,1
3161,465862001,11,1
3162,465655017,5,1
3163,464927010,5,1
3164,464927008,5,1
3165,464908040,15,1
3166,464908039,5,1
3167,665969001,13,1
3168,665972001,8,1
3169,665975001,22,1
3170,666061001,5,1
3171,666061003,24,1
3172,671057001,12,1
3173,671057003,1,1
3174,678239002,18,1
3175,675864002,26,1
3176,675378002,10,1
3177,675508002,23,1
3178,675515001,2,1
3179,675689001,8,1
3180,675699001,1,1
3181,418545036,6,1
3182,418545001,6,1
3183,417427001,4,1
3184,675864001,12,1
3185,416511016,13,1
3186,426013023,14,1
3187,416157027,11,1
3188,675981001,30,1
3189,676110001,1,1
3190,676110003,27,1
3191,676110007,27,1
3192,676198001,1,1
3193,676286001,5,1
3194,676326005,2,1
3195,413707022,1,1
3196,425978003,29,1
3197,675319007,19,1
3198,430757001,8,1
3199,674890001,1,1
3200,674492002,22,1
3201,674492003,22,1
3202,674492004,27,1
3203,430596001,11,1
3204,674536001,13,1
3205,674601001,15,1
3206,674681001,8,1
3207,429313008,24,1
3208,674888001,22,1
3209,428291001,1,1
3210,675319004,12,1
3211,675139002,28,1
3212,675139003,2,1
3213,428071011,8,1
3214,675203002,15,1
3215,427159007,14,1
3216,427114015,12,1
3217,675302002,2,1
3218,426199021,24,1
3219,426013024,14,1
3220,676364002,16,1
3221,676387001,19,1
3222,676539001,9,1
3223,400246010,18,1
3224,401044019,10,1
3225,677848006,32,1
3226,401044002,2,1
3227,400319005,16,1
3228,400296003,18,1
3229,677930006,1,1
3230,677964001,2,1
3231,400246021,18,1
3232,677967003,5,1
3233,399256023,10,1
3234,676540001,9,1
3235,399256005,18,1
3236,677999001,18,1
3237,399223029,2,1
3238,399223026,27,1
3239,399223025,18,1
3240,399136054,19,1
3241,399136047,28,1
3242,678206001,15,1
3243,678239001,12,1
3244,403448008,30,1
3245,403448010,30,1
3246,403490012,6,1
3247,677711001,28,1
3248,676698001,12,1
3249,676754001,6,1
3250,676756001,6,1
3251,413707019,25,1
3252,411413017,22,1
3253,676979001,16,1
3254,676979002,21,1
3255,676990002,12,1
3256,409730006,1,1
3257,677062001,8,1
3258,677182001,13,1
3259,677218001,28,1
3260,677304002,9,1
3261,677341001,28,1
3262,407663008,4,1
3263,677506001,16,1
3264,677506002,4,1
3265,407354004,23,1
3266,404864030,26,1
3267,430694018,10,1
3268,431034005,7,1
3269,671057006,12,1
3270,672127001,9,1
3271,671776001,10,1
3272,671777002,27,1
3273,671783001,21,1
3274,671809002,23,1
3275,448515019,27,1
3276,672054001,26,1
3277,448515001,27,1
3278,672090001,11,1
3279,672126001,29,1
3280,447694017,11,1
3281,671668005,15,1
3282,672320001,5,1
3283,672573001,12,1
3284,447694009,11,1
3285,672590002,29,1
3286,446224043,16,1
3287,446224036,22,1
3288,672625006,0,1
3289,672625007,28,1
3290,672824006,21,1
3291,671695001,4,1
3292,671657010,0,1
3293,674336007,22,1
3294,671513003,24,1
3295,671142001,26,1
3296,671143001,24,1
3297,451380008,9,1
3298,451243013,3,1
3299,671453002,21,1
3300,451243012,6,1
3301,450056008,18,1
3302,450056007,7,1
3303,671513001,5,1
3304,449897042,14,1
3305,671624001,2,1
3306,671515003,16,1
3307,671553001,16,1
3308,449897018,6,1
3309,449263031,27,1
3310,449263024,17,1
3311,449263005,17,1
3312,671607001,32,1
3313,671610001,2,1
3314,671613001,16,1
3315,446224019,22,1
3316,672890004,22,1
3317,672899001,2,1
3318,440811001,8,1
3319,673806002,6,1
3320,673806003,6,1
3321,673806004,6,1
3322,673807002,25,1
3323,443262015,23,1
3324,442915008,12,1
3325,440811010,21,1
3326,673911002,32,1
3327,440811006,11,1
3328,436083001,19,1
3329,672947004,16,1
3330,433444013,10,1
3331,433444001,10,1
3332,433414028,15,1
3333,674079002,4,1
3334,674079003,19,1
3335,432984001,3,1
3336,674096002,4,1
3337,674316003,24,1
3338,674336003,22,1
3339,673776004,14,1
3340,673771003,28,1
3341,673771002,15,1
3342,673677004,21,1
3343,673016001,17,1
3344,673024004,6,1
3345,673175001,6,1
3346,673275003,22,1
3347,673349001,10,1
3348,446224013,22,1
3349,446224011,15,1
3350,446224010,22,1
3351,446224001,15,1
3352,673462002,2,1
3353,673531001,5,1
3354,673630001,1,1
3355,445865001,27,1
3356,445419009,16,1
3357,443860011,21,1
3358,443696014,31,1
3359,443696011,13,1
3360,443696002,29,1
3361,443696001,11,1
3362,526302001,22,1
3363,575542002,9,1
3364,526302003,15,1
3365,600886001,17,1
3366,609282001,21,1
3367,609301001,8,1
3368,565200029,31,1
3369,609650002,2,1
3370,609650008,1,1
3371,565183003,26,1
3372,609719003,17,1
3373,609727002,17,1
3374,609727003,17,1
3375,609837004,4,1
3376,610097001,27,1
3377,610274009,3,1
3378,610314002,4,1
3379,610321005,9,1
3380,610321008,4,1
3381,610543011,15,1
3382,564929005,6,1
3383,564790013,21,1
3384,610726001,4,1
3385,610729001,21,1
3386,610729002,2,1
3387,609146009,23,1
3388,565259003,6,1
3389,608945003,27,1
3390,608338002,13,1
3391,608007005,7,1
3392,566592010,27,1
3393,566592007,27,1
3394,608016002,12,1
3395,608018001,20,1
3396,566140004,17,1
3397,608069008,29,1
3398,566140001,17,1
3399,608210001,12,1
3400,608370001,4,1
3401,608776010,32,1
3402,608445001,4,1
3403,566096005,20,1
3404,608570003,17,1
3405,608596002,4,1
3406,608645003,31,1
3407,608769002,0,1
3408,608769005,28,1
3409,608776002,8,1
3410,565373002,18,1
3411,564790008,1,1
3412,610730016,2,1
3413,564787018,21,1
3414,564334002,24,1
3415,564358003,23,1
3416,611144006,31,1
3417,611144021,31,1
3418,611146010,26,1
3419,611148004,6,1
3420,564343001,31,1
3421,611150001,31,1
3422,611151001,27,1
3423,611216001,0,1
3424,611338001,20,1
3425,564358010,23,1
3426,611364001,28,1
3427,564314027,19,1
3428,564314018,23,1
3429,564312012,23,1
3430,564312006,23,1
3431,611732002,19,1
3432,611815001,9,1
3433,611821006,7,1
3434,611929005,9,1
3435,611032002,8,1
3436,611024002,19,1
3437,610730021,1,1
3438,564417001,12,1
3439,610730027,18,1
3440,564787012,21,1
3441,610747002,18,1
3442,564787008,7,1
3443,564787003,4,1
3444,564754012,15,1
3445,610776007,19,1
3446,564449001,15,1
3447,564419002,27,1
3448,564375004,11,1
3449,564358021,15,1
3450,564358023,15,1
3451,610787001,12,1
3452,610822010,30,1
3453,610822017,13,1
3454,610822019,13,1
3455,610822020,30,1
3456,610842005,17,1
3457,610922002,0,1
3458,611020010,14,1
3459,608007002,7,1
3460,607834011,22,1
3461,566904001,1,1
3462,567608004,20,1
3463,567729004,17,1
3464,604352001,0,1
3465,604514006,20,1
3466,604590001,1,1
3467,567728002,17,1
3468,604837007,4,1
3469,605020001,5,1
3470,567720003,10,1
3471,567635007,20,1
3472,605093001,8,1
3473,604199003,28,1
3474,605094001,32,1
3475,605094008,22,1
3476,605154001,8,1
3477,605164001,1,1
3478,605230010,28,1
3479,605290001,20,1
3480,605365001,9,1
3481,605383002,20,1
3482,567572003,20,1
3483,604199010,22,1
3484,604100002,3,1
3485,567535006,6,1
3486,602722001,9,1
3487,567990010,20,1
3488,601468006,7,1
3489,601595003,18,1
3490,601622002,28,1
3491,601743001,19,1
3492,567968002,3,1
3493,567820005,13,1
3494,602409007,23,1
3495,602409009,23,1
3496,602722002,15,1
3497,604015001,27,1
3498,602895001,2,1
3499,567760006,6,1
3500,603145001,2,1
3501,603145003,5,1
3502,567745004,6,1
3503,567731001,7,1
3504,603583004,8,1
3505,603585003,28,1
3506,603680002,24,1
3507,605571010,10,1
3508,605777008,1,1
3509,566940004,23,1
3510,607427005,0,1
3511,607347007,13,1
3512,607347017,6,1
3513,567411008,23,1
3514,607372005,2,1
3515,607400002,4,1
3516,607400003,7,1
3517,607421002,9,1
3518,566941019,23,1
3519,607427003,2,1
3520,607537001,7,1
3521,567411015,23,1
3522,607609001,25,1
3523,566941003,23,1
3524,607645003,0,1
3525,607703001,28,1
3526,607732001,10,1
3527,607788001,12,1
3528,566941001,23,1
3529,607833002,1,1
3530,607834001,22,1
3531,607347004,6,1
3532,607310003,28,1
3533,605777010,21,1
3534,606522003,28,1
3535,605842006,23,1
3536,605939001,28,1
3537,605939003,15,1
3538,567535005,10,1
3539,567479001,12,1
3540,567475001,12,1
3541,606191001,8,1
3542,567439006,11,1
3543,606322009,14,1
3544,606670001,20,1
3545,567411017,12,1
3546,606670003,31,1
3547,606712001,4,1
3548,606769001,1,1
3549,606800004,7,1
3550,567424006,11,1
3551,607036001,17,1
3552,607145001,7,1
3553,567413004,11,1
3554,607247001,4,1
3555,611929006,27,1
3556,611929009,9,1
3557,612004001,17,1
3558,560249001,31,1
3559,617812003,15,1
3560,617835003,10,1
3561,617857002,5,1
3562,617878003,0,1
3563,560325001,5,1
3564,617919009,1,1
3565,560270010,21,1
3566,618008001,26,1
3567,618129001,11,1
3568,618387001,7,1
3569,617660001,28,1
3570,560222016,17,1
3571,618389001,3,1
3572,560222011,17,1
3573,618399008,13,1
3574,618480001,11,1
3575,618480002,11,1
3576,618650002,12,1
3577,618682007,15,1
3578,618760001,32,1
3579,617728002,8,1
3580,617646002,28,1
3581,618800001,15,1
3582,617295001,3,1
3583,616849003,2,1
3584,617036001,14,1
3585,617036002,14,1
3586,617037003,26,1
3587,617065002,29,1
3588,617169003,0,1
3589,617169010,2,1
3590,561066001,24,1
3591,617280003,21,1
3592,560783010,22,1
3593,617645010,1,1
3594,617322004,12,1
3595,617348002,32,1
3596,617426004,11,1
3597,617534005,12,1
3598,617534006,15,1
3599,560621004,23,1
3600,617534008,15,1
3601,560393004,5,1
3602,617620003,7,1
3603,618778001,22,1
3604,618800006,28,1
3605,616763004,17,1
3606,619561015,23,1
3607,619353006,6,1
3608,560221025,17,1
3609,619496004,1,1
3610,560221012,17,1
3611,619502001,21,1
3612,560221011,17,1
3613,619506002,21,1
3614,619515001,2,1
3615,619561010,23,1
3616,560221006,17,1
3617,619280009,22,1
3618,619636003,4,1
3619,619660001,2,1
3620,619727003,22,1
3621,619739008,31,1
3622,619739016,26,1
3623,619739037,29,1
3624,619881009,9,1
3625,619884012,28,1
3626,619884014,25,1
3627,619293001,28,1
3628,619258002,2,1
3629,618839003,13,1
3630,619081001,5,1
3631,618840001,31,1
3632,618840004,31,1
3633,618840005,31,1
3634,618841001,26,1
3635,618899006,9,1
3636,618899007,30,1
3637,618917009,13,1
3638,618950004,9,1
3639,619075001,0,1
3640,619110002,12,1
3641,619258001,2,1
3642,619138001,28,1
3643,619138002,28,1
3644,619148003,12,1
3645,619175003,7,1
3646,619176001,9,1
3647,619229008,26,1
3648,619234004,15,1
3649,619234005,4,1
3650,619236001,4,1
3651,616808001,8,1
3652,616763001,4,1
3653,612032001,1,1
3654,562734011,29,1
3655,613246006,14,1
3656,613405001,7,1
3657,563027002,16,1
3658,613456007,28,1
3659,613456009,12,1
3660,613459002,28,1
3661,562914005,24,1
3662,562775001,4,1
3663,562761001,0,1
3664,613521001,15,1
3665,613246003,18,1
3666,562657001,9,1
3667,562480004,2,1
3668,613826002,9,1
3669,613827001,30,1
3670,613858005,24,1
3671,613942006,2,1
3672,613942009,17,1
3673,614044003,27,1
3674,614429002,15,1
3675,563161008,26,1
3676,563162003,31,1
3677,614496001,24,1
3678,563519003,2,1
3679,612064008,12,1
3680,612075001,10,1
3681,564073004,26,1
3682,564031001,5,1
3683,612133001,27,1
3684,563988004,6,1
3685,563821001,12,1
3686,612455005,14,1
3687,612455006,14,1
3688,612481008,1,1
3689,563162004,6,1
3690,563479002,7,1
3691,612674004,24,1
3692,612730003,1,1
3693,612891001,12,1
3694,612891005,8,1
3695,563276003,20,1
3696,613084001,5,1
3697,613133001,22,1
3698,613147003,10,1
3699,614460005,27,1
3700,614496002,24,1
3701,561222001,28,1
3702,616088002,17,1
3703,615934008,10,1
3704,615936002,17,1
3705,615939007,21,1
3706,615941001,17,1
3707,561758013,15,1
3708,561617003,27,1
3709,561570001,19,1
3710,616030001,9,1
3711,616086008,5,1
3712,561445020,2,1
3713,615566001,27,1
3714,616201009,16,1
3715,561445018,28,1
3716,616263001,10,1
3717,616543007,6,1
3718,616632001,9,1
3719,616705002,18,1
3720,616708003,29,1
3721,561307003,3,1
3722,561303013,31,1
3723,561797002,12,1
3724,615508003,7,1
3725,614734001,12,1
3726,615042010,2,1
3727,614854001,24,1
3728,615021001,15,1
3729,562252035,10,1
3730,562252033,22,1
3731,562252031,9,1
3732,562252005,2,1
3733,562252004,10,1
3734,615042004,28,1
3735,615042006,2,1
3736,615054004,9,1
3737,615508002,7,1
3738,615092001,2,1
3739,615141001,28,1
3740,562211001,4,1
3741,615192004,18,1
3742,615280005,13,1
3743,561815002,18,1
3744,615367010,1,1
3745,615491005,19,1
3746,615508001,7,1
3747,567992006,20,1
3748,600229015,11,1
3749,619978001,26,1
3750,600229001,11,1
3751,581979005,2,1
3752,582254001,21,1
3753,582258001,10,1
3754,582751001,26,1
3755,572797010,12,1
3756,572797002,28,1
3757,572611001,25,1
3758,583351009,4,1
3759,583388001,4,1
3760,583448003,6,1
3761,572582008,21,1
3762,572582003,21,1
3763,572573001,7,1
3764,583539001,31,1
3765,572533005,11,1
3766,572533002,1,1
3767,583797001,6,1
3768,583800009,1,1
3769,583964001,7,1
3770,572524001,7,1
3771,583976003,1,1
3772,572797011,8,1
3773,581831010,3,1
3774,581831001,3,1
3775,581213003,1,1
3776,573438001,11,1
3777,573420001,11,1
3778,573323002,1,1
3779,581117001,21,1
3780,581127010,3,1
3781,581154003,28,1
3782,581157001,5,1
3783,573284061,19,1
3784,581162008,4,1
3785,573284054,12,1
3786,572852001,5,1
3787,572938002,21,1
3788,581338001,12,1
3789,581543001,19,1
3790,581583001,25,1
3791,581709007,28,1
3792,572931002,21,1
3793,581777002,4,1
3794,572931001,21,1
3795,581781004,11,1
3796,572480003,27,1
3797,584200005,27,1
3798,584327002,19,1
3799,586307004,21,1
3800,585851001,2,1
3801,585929001,28,1
3802,586011008,28,1
3803,586203001,10,1
3804,586203002,2,1
3805,586257002,17,1
3806,572127020,0,1
3807,586273002,17,1
3808,586282001,31,1
3809,586307005,12,1
3810,572127021,2,1
3811,586333001,20,1
3812,586515001,28,1
3813,586955001,9,1
3814,586955022,16,1
3815,587115001,17,1
3816,587137001,24,1
3817,587204002,5,1
3818,571436024,22,1
3819,587236001,7,1
3820,585809002,23,1
3821,585788001,22,1
3822,584327004,17,1
3823,584940007,8,1
3824,572400003,8,1
3825,584481001,28,1
3826,572400002,2,1
3827,584483004,10,1
3828,584631003,11,1
3829,584631018,23,1
3830,572399007,9,1
3831,584804001,6,1
3832,572399006,27,1
3833,584989003,12,1
3834,585785001,15,1
3835,585000002,28,1
3836,572128013,28,1
3837,585355004,14,1
3838,585355008,14,1
3839,585398005,6,1
3840,585413001,7,1
3841,572128008,28,1
3842,585682001,13,1
3843,585754001,1,1
3844,580857001,4,1
3845,580853002,12,1
3846,580770004,17,1
3847,574681002,28,1
3848,577675001,2,1
3849,577986001,26,1
3850,577992001,24,1
3851,574874003,12,1
3852,578020002,10,1
3853,578041001,32,1
3854,578311001,9,1
3855,578374001,5,1
3856,578430002,1,1
3857,578471003,8,1
3858,575004005,4,1
3859,574212001,17,1
3860,574157001,11,1
3861,574117006,16,1
3862,574112002,22,1
3863,574112001,22,1
3864,578589001,6,1
3865,578626008,11,1
3866,578797001,6,1
3867,574109014,1,1
3868,577513002,2,1
3869,577512007,7,1
3870,578846003,8,1
3871,576773012,10,1
3872,575836002,2,1
3873,575923001,4,1
3874,575957001,28,1
3875,576705002,30,1
3876,576714003,30,1
3877,576719002,13,1
3878,576719004,3,1
3879,576770001,1,1
3880,575464004,22,1
3881,576773015,9,1
3882,577512005,7,1
3883,575343001,26,1
3884,576773018,10,1
3885,575236001,28,1
3886,576775006,16,1
3887,575172005,10,1
3888,576775013,16,1
3889,577178002,9,1
3890,575141002,10,1
3891,575074001,6,1
3892,578846001,8,1
3893,574109011,8,1
3894,580770002,16,1
3895,580054003,15,1
3896,579751009,16,1
3897,579865003,22,1
3898,573701001,0,1
3899,579907001,6,1
3900,579941002,13,1
3901,573695001,27,1
3902,580000002,24,1
3903,573685001,22,1
3904,580041001,5,1
3905,580469003,7,1
3906,579751002,12,1
3907,573652001,21,1
3908,580469008,12,1
3909,580482002,10,1
3910,573626002,12,1
3911,580526001,6,1
3912,580529001,14,1
3913,580746002,1,1
3914,573444001,11,1
3915,580768002,12,1
3916,579751005,22,1
3917,579692001,28,1
3918,578997006,19,1
3919,579322004,6,1
3920,579010003,26,1
3921,579010012,6,1
3922,579118004,29,1
3923,579125003,29,1
3924,579125007,6,1
3925,579148006,3,1
3926,574064001,22,1
3927,574057002,28,1
3928,579302004,5,1
3929,579365004,20,1
3930,573716015,10,1
3931,579504001,32,1
3932,573870005,10,1
3933,579541009,12,1
3934,579541011,15,1
3935,573856001,25,1
3936,573716037,9,1
3937,573716028,12,1
3938,573716016,0,1
3939,579541036,28,1
3940,587244001,7,1
3941,587278001,22,1
3942,587278007,22,1
3943,596204001,6,1
3944,595115001,25,1
3945,568787002,8,1
3946,595435003,2,1
3947,595513001,4,1
3948,568767003,27,1
3949,595696018,27,1
3950,568601020,28,1
3951,595987008,31,1
3952,596122002,32,1
3953,596278002,32,1
3954,594997001,5,1
3955,596278006,12,1
3956,596400008,23,1
3957,568597007,10,1
3958,596517003,28,1
3959,596648001,29,1
3960,596715001,3,1
3961,596955004,26,1
3962,568594001,21,1
3963,597043002,5,1
3964,594997002,17,1
3965,568858001,15,1
3966,568498002,0,1
3967,594427001,2,1
3968,593986001,4,1
3969,593986002,9,1
3970,593988001,2,1
3971,593990001,12,1
3972,594167001,21,1
3973,568943001,24,1
3974,568864003,16,1
3975,594390001,31,1
3976,594399002,31,1
3977,594430001,24,1
3978,594879002,6,1
3979,594430007,24,1
3980,594430008,24,1
3981,594542018,30,1
3982,568862004,2,1
3983,594633001,5,1
3984,594633002,24,1
3985,594697001,24,1
3986,594834002,28,1
3987,568861004,19,1
3988,568575001,17,1
3989,597471007,20,1
3990,593829004,1,1
3991,599489003,14,1
3992,567993036,21,1
3993,598811009,17,1
3994,567993035,21,1
3995,567993020,21,1
3996,599037001,3,1
3997,599074003,1,1
3998,599083005,12,1
3999,599083009,21,1
4000,599374003,8,1
4001,567993019,28,1
4002,598806002,12,1
4003,599559001,1,1
4004,599580001,4,1
4005,599580004,17,1
4006,567992035,20,1
4007,567992027,20,1
4008,599719004,10,1
4009,567992026,20,1
4010,599729003,25,1
4011,599773014,23,1
4012,598806011,22,1
4013,598806001,27,1
4014,597513003,20,1
4015,598655008,29,1
4016,597572003,13,1
4017,597763001,27,1
4018,568137004,27,1
4019,568137003,19,1
4020,598283007,29,1
4021,598460002,2,1
4022,598515003,5,1
4023,598515006,5,1
4024,568065004,21,1
4025,598665001,15,1
4026,568013001,22,1
4027,598665003,1,1
4028,598691001,8,1
4029,598696001,9,1
4030,598755002,23,1
4031,598755011,11,1
4032,598755012,23,1
4033,598755014,11,1
4034,598779002,24,1
4035,598795002,8,1
4036,593829031,23,1
4037,593494003,24,1
4038,587296001,27,1
4039,570003002,23,1
4040,570004045,23,1
4041,589249001,4,1
4042,589249002,4,1
4043,589298001,2,1
4044,589556003,14,1
4045,589556007,14,1
4046,589599001,17,1
4047,589599002,17,1
4048,589599021,17,1
4049,589921001,31,1
4050,570189001,25,1
4051,570002028,23,1
4052,570002008,23,1
4053,590007001,16,1
4054,569999005,11,1
4055,590083004,12,1
4056,590083014,12,1
4057,590165002,21,1
4058,590376001,23,1
4059,590376002,23,1
4060,570143001,6,1
4061,589221003,32,1
4062,590582001,31,1
4063,588245001,12,1
4064,587637003,8,1
4065,571436014,8,1
4066,587748004,16,1
4067,571343003,1,1
4068,571052008,15,1
4069,587813006,8,1
4070,588126001,13,1
4071,588148002,28,1
4072,588155002,12,1
4073,588299001,22,1
4074,588689005,10,1
4075,588299002,1,1
4076,588330002,29,1
4077,588335001,11,1
4078,588452002,23,1
4079,570843001,21,1
4080,588659001,13,1
4081,570781003,2,1
4082,588681001,10,1
4083,570574001,22,1
4084,590416003,4,1
4085,569997018,23,1
4086,568962001,26,1
4087,592291001,19,1
4088,591710002,32,1
4089,591787002,17,1
4090,569847001,28,1
4091,592172008,2,1
4092,569677001,20,1
4093,592176001,2,1
4094,569594001,5,1
4095,592180003,0,1
4096,592286002,8,1
4097,592291002,0,1
4098,591702001,6,1
4099,592846001,21,1
4100,592959010,13,1
4101,592975003,9,1
4102,569374001,21,1
4103,592975012,11,1
4104,569246001,4,1
4105,592975020,0,1
4106,592975021,9,1
4107,593184007,15,1
4108,591702004,6,1
4109,569974001,11,1
4110,590920001,27,1
4111,569997016,11,1
4112,590920002,16,1
4113,590921001,17,1
4114,590928001,17,1
4115,590951007,8,1
4116,590951010,27,1
4117,591088001,8,1
4118,591100001,8,1
4119,591181002,15,1
4120,591183001,6,1
4121,569997001,23,1
4122,591444006,7,1
4123,569996010,8,1
4124,591334001,15,1
4125,591334002,16,1
4126,569984003,11,1
4127,569984001,23,1
4128,569978002,23,1
4129,569974022,23,1
4130,569974008,29,1
4131,591421002,11,1
4132,619907003,31,1
4133,620006008,20,1
4134,642499001,24,1
4135,550309006,18,1
4136,635673001,7,1
4137,635673002,19,1
4138,635676001,28,1
4139,635695001,24,1
4140,542677002,24,1
4141,635741002,19,1
4142,635741003,19,1
4143,542551005,26,1
4144,542551002,26,1
4145,635789005,19,1
4146,635789007,19,1
4147,635837001,12,1
4148,635844002,22,1
4149,635918002,12,1
4150,542464001,17,1
4151,542413001,10,1
4152,636093001,2,1
4153,542402001,32,1
4154,636172001,21,1
4155,541721001,3,1
4156,636238001,21,1
4157,542695004,1,1
4158,542695005,12,1
4159,635561003,15,1
4160,635146002,2,1
4161,635023001,26,1
4162,635049003,28,1
4163,635049004,0,1
4164,635050002,28,1
4165,635054001,14,1
4166,635084001,22,1
4167,543087002,22,1
4168,543054009,22,1
4169,635112003,17,1
4170,635150001,17,1
4171,635561001,1,1
4172,635190002,27,1
4173,543035002,23,1
4174,542982011,3,1
4175,542982010,6,1
4176,635421002,16,1
4177,635425002,28,1
4178,635473001,22,1
4179,542730006,8,1
4180,635474002,23,1
4181,541706002,11,1
4182,541519005,5,1
4183,541512013,28,1
4184,637158001,12,1
4185,636935009,4,1
4186,539878006,2,1
4187,636938005,12,1
4188,637124001,19,1
4189,539723028,16,1
4190,637141001,1,1
4191,539723019,25,1
4192,637141006,27,1
4193,637149005,28,1
4194,637158002,12,1
4195,540277007,5,1
4196,539723013,22,1
4197,539723010,1,1
4198,637230001,8,1
4199,539723007,27,1
4200,539723003,25,1
4201,539296001,27,1
4202,539291001,12,1
4203,539286001,11,1
4204,538993003,9,1
4205,636926001,2,1
4206,636898002,0,1
4207,636341001,27,1
4208,636421003,7,1
4209,636351001,21,1
4210,541491009,2,1
4211,541418003,22,1
4212,636392001,24,1
4213,636392002,10,1
4214,636407002,21,1
4215,636418001,12,1
4216,541286004,13,1
4217,636420003,25,1
4218,636455003,32,1
4219,636603002,23,1
4220,636455004,28,1
4221,636455005,2,1
4222,541097001,13,1
4223,540701004,25,1
4224,636482001,11,1
4225,636586002,11,1
4226,540395010,9,1
4227,636587006,8,1
4228,636587016,23,1
4229,634971001,26,1
4230,634789003,23,1
4231,634789001,11,1
4232,548237001,2,1
4233,548613036,23,1
4234,633131002,27,1
4235,548613032,8,1
4236,548613005,0,1
4237,633136001,1,1
4238,548388013,12,1
4239,633136004,1,1
4240,633136005,1,1
4241,548388012,28,1
4242,548111007,12,1
4243,548930002,15,1
4244,633136010,8,1
4245,633142004,2,1
4246,633148003,11,1
4247,548110002,31,1
4248,633150001,8,1
4249,633152003,22,1
4250,633153004,15,1
4251,633214001,23,1
4252,633257001,1,1
4253,548613038,15,1
4254,633130016,25,1
4255,633377003,4,1
4256,632803004,6,1
4257,550149001,22,1
4258,632516002,9,1
4259,549914002,22,1
4260,549852004,30,1
4261,632534002,8,1
4262,632534005,5,1
4263,632651002,13,1
4264,549414004,3,1
4265,632784001,21,1
4266,632813005,11,1
4267,549113001,1,1
4268,549265001,9,1
4269,549262001,18,1
4270,549256001,10,1
4271,549253007,10,1
4272,549253001,12,1
4273,549251005,10,1
4274,633130006,27,1
4275,549251004,10,1
4276,633130013,23,1
4277,633347005,13,1
4278,633450004,23,1
4279,634775003,30,1
4280,634320006,21,1
4281,634033006,28,1
4282,545396032,3,1
4283,634160007,28,1
4284,634196001,19,1
4285,545396005,3,1
4286,545396001,3,1
4287,545264005,12,1
4288,634317001,28,1
4289,545258008,12,1
4290,545258004,4,1
4291,545396033,29,1
4292,634332004,0,1
4293,544627005,2,1
4294,634333001,19,1
4295,634383001,2,1
4296,544290001,29,1
4297,544116002,19,1
4298,634761003,32,1
4299,634765002,2,1
4300,543723019,28,1
4301,634021004,21,1
4302,634016017,3,1
4303,633456003,1,1
4304,633787001,26,1
4305,633456004,15,1
4306,633498001,10,1
4307,633535003,12,1
4308,633675001,12,1
4309,633685001,28,1
4310,633755001,3,1
4311,547349006,28,1
4312,633781015,22,1
4313,633781016,21,1
4314,633808002,1,1
4315,634015010,21,1
4316,633825003,27,1
4317,633870001,29,1
4318,547052001,5,1
4319,633932001,4,1
4320,634009002,21,1
4321,546684004,4,1
4322,546617004,15,1
4323,634013021,23,1
4324,545449033,26,1
4325,637268008,2,1
4326,637280003,6,1
4327,637316002,26,1
4328,533329008,26,1
4329,533518001,23,1
4330,640176002,16,1
4331,640182001,28,1
4332,640192001,28,1
4333,640193001,7,1
4334,533407001,11,1
4335,640251003,1,1
4336,640252004,22,1
4337,640252006,22,1
4338,640396003,26,1
4339,534052001,32,1
4340,533329006,8,1
4341,533329005,26,1
4342,640478001,2,1
4343,532955001,22,1
4344,532612003,9,1
4345,640538001,31,1
4346,532578018,27,1
4347,640541001,17,1
4348,640542001,17,1
4349,533923008,30,1
4350,640168001,3,1
4351,640554001,17,1
4352,639985002,28,1
4353,639836004,16,1
4354,534795002,23,1
4355,534357015,18,1
4356,534357008,14,1
4357,639894003,17,1
4358,534357002,14,1
4359,639908001,24,1
4360,534316004,7,1
4361,534181006,28,1
4362,640001001,30,1
4363,640157002,1,1
4364,534181002,12,1
4365,534165008,15,1
4366,534164002,28,1
4367,575542007,10,1
4368,534118002,21,1
4369,640129003,24,1
4370,640134004,8,1
4371,640149001,6,1
4372,640157001,17,1
4373,640552001,21,1
4374,640555001,17,1
4375,535035001,12,1
4376,641972002,8,1
4377,641237001,7,1
4378,641338001,14,1
4379,641427002,23,1
4380,641611002,19,1
4381,641685002,1,1
4382,641686001,8,1
4383,529841004,1,1
4384,641741001,4,1
4385,641741002,2,1
4386,642051004,15,1
4387,641187002,7,1
4388,529008010,5,1
4389,642105003,31,1
4390,642189001,25,1
4391,642189005,25,1
4392,529008009,24,1
4393,642339001,15,1
4394,528568002,21,1
4395,527687006,1,1
4396,642482001,10,1
4397,641203001,6,1
4398,641168001,32,1
4399,640556001,8,1
4400,640807001,22,1
4401,640597001,17,1
4402,640662002,1,1
4403,640669001,31,1
4404,640674001,7,1
4405,531697003,24,1
4406,640677003,8,1
4407,640677004,9,1
4408,640716001,22,1
4409,640727001,8,1
4410,640807002,1,1
4411,641047003,6,1
4412,531310002,22,1
4413,640868001,29,1
4414,640872001,8,1
4415,641008013,27,1
4416,641009004,3,1
4417,641009006,13,1
4418,641020005,6,1
4419,641024004,20,1
4420,641024005,20,1
4421,639835001,12,1
4422,535143002,15,1
4423,637348001,11,1
4424,638282001,4,1
4425,637739002,14,1
4426,537612014,3,1
4427,637911004,15,1
4428,637912001,18,1
4429,537346020,28,1
4430,638142002,15,1
4431,537116004,0,1
4432,638204002,3,1
4433,638224001,15,1
4434,638355001,10,1
4435,537612016,13,1
4436,638358002,14,1
4437,638416001,24,1
4438,638416003,5,1
4439,638443002,7,1
4440,638494001,4,1
4441,638526001,0,1
4442,537085011,2,1
4443,537085009,0,1
4444,638635001,5,1
4445,637673007,10,1
4446,537612023,29,1
4447,638777001,25,1
4448,537840001,1,1
4449,637449001,10,1
4450,637457001,24,1
4451,637492001,28,1
4452,637515003,16,1
4453,538271001,0,1
4454,537901001,12,1
4455,537895003,22,1
4456,637515008,5,1
4457,637515010,16,1
4458,537839004,24,1
4459,537612026,6,1
4460,537738003,1,1
4461,537738001,1,1
4462,537688015,16,1
4463,637549011,16,1
4464,637549013,28,1
4465,637566002,12,1
4466,637609001,26,1
4467,537688010,12,1
4468,637661002,16,1
4469,638705006,14,1
4470,638868001,14,1
4471,639738005,5,1
4472,639576002,28,1
4473,639454001,4,1
4474,536139011,26,1
4475,536139010,10,1
4476,536139009,19,1
4477,639525001,5,1
4478,639525002,5,1
4479,639552001,27,1
4480,639573001,19,1
4481,535877018,16,1
4482,535783001,21,1
4483,639452002,6,1
4484,535716001,12,1
4485,639656001,10,1
4486,639667004,12,1
4487,639670003,0,1
4488,535390001,6,1
4489,639677002,15,1
4490,639685003,0,1
4491,535176001,13,1
4492,639738002,24,1
4493,639452006,26,1
4494,639450002,4,1
4495,638897001,14,1
4496,536162002,28,1
4497,537085001,2,1
4498,537076006,15,1
4499,638953002,28,1
4500,638981001,5,1
4501,639094001,5,1
4502,536970005,1,1
4503,536524001,28,1
4504,639151002,12,1
4505,536358002,22,1
4506,536139028,23,1
4507,639448005,2,1
4508,536139013,28,1
4509,639203001,28,1
4510,639242001,19,1
4511,639260002,0,1
4512,639273003,28,1
4513,536139012,24,1
4514,639344003,24,1
4515,639405001,4,1
4516,639410001,12,1
4517,632193002,6,1
4518,632151003,32,1
4519,560213002,2,1
4520,551044013,2,1
4521,623474001,7,1
4522,623522002,22,1
4523,623564002,22,1
4524,623632001,0,1
4525,623698001,15,1
4526,623842001,31,1
4527,623866001,6,1
4528,623884002,1,1
4529,623980004,13,1
4530,623997001,26,1
4531,624048003,24,1
4532,624050003,19,1
4533,557247007,23,1
4534,624066001,20,1
4535,624066005,20,1
4536,557247005,23,1
4537,624120005,13,1
4538,557247003,11,1
4539,557247001,11,1
4540,624123001,31,1
4541,557246005,23,1
4542,623471001,1,1
4543,557247014,23,1
4544,623434011,25,1
4545,623115001,2,1
4546,557248003,23,1
4547,622961001,28,1
4548,622961003,12,1
4549,557248002,14,1
4550,622963002,0,1
4551,622981008,30,1
4552,623012010,30,1
4553,623059004,5,1
4554,623072001,25,1
4555,623275010,26,1
4556,557247018,11,1
4557,623275011,6,1
4558,623277001,26,1
4559,623277004,6,1
4560,623283002,31,1
4561,623284002,13,1
4562,623284005,6,1
4563,623321001,21,1
4564,623347004,9,1
4565,623434007,2,1
4566,624148001,0,1
4567,624151006,13,1
4568,624216001,4,1
4569,625043002,6,1
4570,624661001,32,1
4571,624688001,13,1
4572,624723001,28,1
4573,624723002,22,1
4574,624881002,7,1
4575,624895001,9,1
4576,556429004,10,1
4577,624959009,14,1
4578,625034001,31,1
4579,625047001,28,1
4580,624634003,4,1
4581,625229004,13,1
4582,556255005,18,1
4583,625311009,21,1
4584,555837002,6,1
4585,555550003,1,1
4586,555550001,1,1
4587,555470006,6,1
4588,555432001,8,1
4589,625321005,21,1
4590,556438001,4,1
4591,556527002,10,1
4592,557246003,11,1
4593,624486003,22,1
4594,624257001,16,1
4595,557246002,23,1
4596,624311002,21,1
4597,624311004,21,1
4598,624383004,26,1
4599,624385005,31,1
4600,624443002,31,1
4601,624445002,26,1
4602,624486002,27,1
4603,624486006,8,1
4604,624633001,21,1
4605,624512001,10,1
4606,624512003,25,1
4607,624514001,12,1
4608,624562001,1,1
4609,624594001,20,1
4610,624632001,4,1
4611,556527010,30,1
4612,556527003,10,1
4613,624632007,4,1
4614,622958001,9,1
4615,622956005,1,1
4616,622956001,27,1
4617,621295001,26,1
4618,559630004,17,1
4619,559619003,15,1
4620,620981001,22,1
4621,621018003,25,1
4622,621019001,8,1
4623,621020001,22,1
4624,621044004,8,1
4625,621248002,15,1
4626,621251002,28,1
4627,621367001,4,1
4628,559634002,17,1
4629,621372001,7,1
4630,559619002,17,1
4631,559616001,17,1
4632,559575001,4,1
4633,621381009,8,1
4634,559139007,3,1
4635,559139004,14,1
4636,621400003,28,1
4637,621474001,28,1
4638,620951001,9,1
4639,620945003,17,1
4640,621499003,20,1
4641,620424017,31,1
4642,560209004,17,1
4643,620083002,0,1
4644,620182001,0,1
4645,560208006,12,1
4646,620208008,29,1
4647,620208031,13,1
4648,620238001,9,1
4649,560047003,1,1
4650,620423010,31,1
4651,620424024,31,1
4652,559634003,15,1
4653,560030016,28,1
4654,560030006,23,1
4655,559954002,11,1
4656,559649002,17,1
4657,620745003,12,1
4658,559645001,24,1
4659,559637004,17,1
4660,620907005,17,1
4661,620928001,11,1
4662,621474008,28,1
4663,559139001,13,1
4664,622955002,28,1
4665,622617002,21,1
4666,558428001,12,1
4667,622238014,2,1
4668,622238015,8,1
4669,558427001,25,1
4670,622241002,17,1
4671,622242002,17,1
4672,622284001,4,1
4673,558407005,21,1
4674,622314003,27,1
4675,557908013,23,1
4676,622228002,28,1
4677,622678001,2,1
4678,557599010,24,1
4679,557293003,6,1
4680,622825008,13,1
4681,622877002,3,1
4682,622877004,30,1
4683,557248021,23,1
4684,622878002,30,1
4685,557248005,11,1
4686,558512003,6,1
4687,558512008,13,1
4688,621522001,23,1
4689,621846007,5,1
4690,621522022,23,1
4691,621523013,28,1
4692,621683001,1,1
4693,621706001,7,1
4694,621746001,8,1
4695,621752002,30,1
4696,621756004,30,1
4697,621757003,25,1
4698,621846006,2,1
4699,621972001,0,1
4700,558514003,6,1
4701,559080002,20,1
4702,559018008,31,1
4703,622060001,1,1
4704,622094001,5,1
4705,559018004,20,1
4706,558996001,20,1
4707,558980005,2,1
4708,558787002,26,1
4709,622162001,28,1
4710,555369001,6,1
4711,625343001,28,1
4712,625345002,12,1
4713,629826001,31,1
4714,629445002,31,1
4715,552716009,4,1
4716,629607004,17,1
4717,629723001,26,1
4718,629731001,5,1
4719,629758005,17,1
4720,629760002,13,1
4721,552617006,4,1
4722,629786001,13,1
4723,629826002,31,1
4724,629396003,26,1
4725,552570003,27,1
4726,630037002,13,1
4727,630037008,6,1
4728,630037017,6,1
4729,552497006,21,1
4730,630116002,21,1
4731,630116003,21,1
4732,552473032,18,1
4733,552473030,22,1
4734,629426001,19,1
4735,552826024,6,1
4736,630116008,21,1
4737,628920001,27,1
4738,628466002,2,1
4739,628499001,14,1
4740,628499008,26,1
4741,628513001,24,1
4742,553873022,26,1
4743,553873013,26,1
4744,553623008,27,1
4745,628788008,32,1
4746,553611006,4,1
4747,553611001,12,1
4748,629060003,15,1
4749,628921002,2,1
4750,553488008,6,1
4751,553403003,26,1
4752,553069002,9,1
4753,552826028,1,1
4754,629023001,30,1
4755,629023003,30,1
4756,629023007,3,1
4757,629042001,15,1
4758,630116007,27,1
4759,552473025,27,1
4760,628458001,24,1
4761,551566001,12,1
4762,631170003,6,1
4763,631409003,2,1
4764,631458001,6,1
4765,551566003,16,1
4766,631480006,22,1
4767,631480009,22,1
4768,631536004,2,1
4769,631536006,2,1
4770,631536007,4,1
4771,631649001,8,1
4772,630891002,13,1
4773,631744002,10,1
4774,551504001,28,1
4775,631833001,1,1
4776,551462012,25,1
4777,551462007,21,1
4778,631842003,20,1
4779,551370001,19,1
4780,551336006,22,1
4781,551045024,11,1
4782,630909001,13,1
4783,630851004,13,1
4784,552473001,16,1
4785,630316009,12,1
4786,552471027,22,1
4787,630141003,21,1
4788,630141009,21,1
4789,552471008,21,1
4790,630145002,21,1
4791,630200002,31,1
4792,552370007,6,1
4793,630316007,15,1
4794,630316008,12,1
4795,552370001,6,1
4796,630696004,22,1
4797,630324004,19,1
4798,552346014,3,1
4799,630438003,19,1
4800,552346002,27,1
4801,552315002,6,1
4802,630514004,5,1
4803,630616001,13,1
4804,630696001,8,1
4805,630696002,8,1
4806,628466001,2,1
4807,628457003,28,1
4808,555366001,20,1
4809,626263014,13,1
4810,554552019,6,1
4811,554552018,6,1
4812,626128001,20,1
4813,626168001,12,1
4814,554552004,6,1
4815,626263001,20,1
4816,626263002,20,1
4817,626263003,28,1
4818,626263012,13,1
4819,626316003,4,1
4820,554555004,6,1
4821,626328001,4,1
4822,626346001,0,1
4823,626366001,28,1
4824,626406001,20,1
4825,626406004,20,1
4826,554546002,31,1
4827,554541020,27,1
4828,626440003,20,1
4829,554541017,3,1
4830,625969001,27,1
4831,554598026,6,1
4832,626441006,13,1
4833,555326006,13,1
4834,625480002,12,1
4835,555364005,8,1
4836,555364002,8,1
4837,625518004,6,1
4838,625528001,3,1
4839,625618001,12,1
4840,625702001,13,1
4841,555353008,9,1
4842,555351005,14,1
4843,625818004,28,1
4844,625939021,22,1
4845,555326003,13,1
4846,555306001,9,1
4847,555294002,5,1
4848,625819007,16,1
4849,555276003,6,1
4850,625927004,0,1
4851,555102005,21,1
4852,625939003,8,1
4853,554772026,19,1
4854,626441005,13,1
4855,554541016,6,1
4856,628425001,29,1
4857,627408002,7,1
4858,627108001,24,1
4859,554450002,1,1
4860,627147001,25,1
4861,627197003,28,1
4862,627211001,22,1
4863,627300001,26,1
4864,554141001,31,1
4865,553905004,26,1
4866,553905002,26,1
4867,627408003,12,1
4868,554450006,25,1
4869,627554001,3,1
4870,553881015,3,1
4871,553875011,13,1
4872,627579003,26,1
4873,627759008,6,1
4874,627769007,6,1
4875,628326002,5,1
4876,628326003,24,1
4877,628354001,13,1
4878,554450003,27,1
4879,554450015,7,1
4880,626445001,6,1
4881,626615011,6,1
4882,554541014,14,1
4883,626445014,6,1
4884,626463002,12,1
4885,626559004,13,1
4886,626587003,10,1
4887,554541002,30,1
4888,554479005,8,1
4889,626588005,15,1
4890,626615004,20,1
4891,626648003,6,1
4892,627068002,19,1
4893,626702001,6,1
4894,554479001,1,1
4895,626813005,2,1
4896,626813006,7,1
4897,554477016,27,1
4898,626815001,1,1
4899,626815002,23,1
4900,626816004,18,1
4901,627009010,20,1
4902,618398011,6,1
